address,incoming_count,outgoing_count,incoming_amount_by_asset,outgoing_amount_by_asset,first_seen,last_seen,interaction_count,direction
TJMUadmxstaJsnsK6my4vEDGCDiXMh3eWd,0,269,{},"{""TRX"": ""1136""}",2026-01-06T12:02:00+00:00,2026-08-03T08:08:15+00:00,269,outgoing
TPhzQpoexvACBcyEMNGvZy1QRXvLYsfNMJ,0,40,{},"{""USDT"": ""200500""}",2026-01-10T10:51:03+00:00,2026-08-02T09:53:48+00:00,40,outgoing
TXoir9Np6F2m8F3WdU8H6uZ2amEoVZWoV8,0,30,{},"{""USDT"": ""147000""}",2026-01-22T14:05:03+00:00,2026-06-13T14:39:51+00:00,30,outgoing
TFaT6LYQzHQiN1jAXAgdwpZw7noX3xBmpA,0,29,{},"{""USDT"": ""134993""}",2026-01-06T12:09:12+00:00,2026-07-16T10:28:15+00:00,29,outgoing
TXXEhRWKthjhVq4DUchpkKV5WJuwyrPZ1R,22,6,"{""USDT"": ""227062""}","{""USDT"": ""43500""}",2026-01-08T10:43:33+00:00,2026-05-16T12:24:57+00:00,28,unknown
TQeV4kBaMYzLYtpG9ujUtPz6tWdyXVm4FV,19,0,"{""USDT"": ""393362""}",{},2026-01-02T13:01:42+00:00,2026-07-29T08:04:18+00:00,19,incoming
TBdrxaXKRoANUfU71vm1iSL8gfjq6RXspQ,17,0,"{""USDT"": ""20360.051005""}",{},2026-03-06T14:59:33+00:00,2026-07-24T14:41:48+00:00,17,incoming
THCKaxcQ8dFV4soZkeiQdwuvkT4sQHUbRz,0,15,{},"{""USDT"": ""68400""}",2026-05-12T10:54:21+00:00,2026-08-02T09:54:30+00:00,15,outgoing
TRdgFkKYNQzd9NZore5kqoZBrB8ueJ6VnA,0,14,{},"{""USDT"": ""46028""}",2026-01-07T09:41:51+00:00,2026-03-27T12:29:21+00:00,14,outgoing
TCPEk4qeGVbn8b5U81DDd2uxipuyny6s4r,13,0,"{""USDT"": ""3421""}",{},2026-06-05T11:02:45+00:00,2026-08-03T10:33:51+00:00,13,incoming
TDsvtW6HTE7Y12huJHogJKVBk9oQv4VZzv,13,0,"{""USDT"": ""150300""}",{},2026-03-06T15:05:03+00:00,2026-07-31T15:10:51+00:00,13,incoming
TF9GXeiYpofE9BzF9qA9bVxQvD1gMh3eWd,13,0,"{""TRX"": ""0.64""}",{},2026-05-01T22:18:09+00:00,2026-08-04T00:29:54+00:00,13,incoming
TGxVDjGujrUXQGZtWgNcdeawkPYeoE4Frv,0,13,{},"{""USDT"": ""77500""}",2026-01-13T13:51:51+00:00,2026-04-08T15:30:33+00:00,13,outgoing
TNJg619GpW92Ff7xBmqc49HYUwU4bUpYsR,13,0,"{""USDT"": ""98537.5""}",{},2026-02-06T08:27:54+00:00,2026-07-25T19:49:27+00:00,13,incoming
TShK1BGMzWTnRhXitoy2gU5AshNEvwkYaZ,0,13,{},"{""USDT"": ""49600""}",2026-01-06T12:06:51+00:00,2026-04-16T13:43:21+00:00,13,outgoing
TP9EK9XGVWXtkirMsqNwCUaYF1EkvHa3Ka,0,12,{},"{""USDT"": ""32500""}",2026-01-16T09:21:48+00:00,2026-03-06T15:23:39+00:00,12,outgoing
TGEB6Cj1TRpowtsW6aoU1Wz9mreAqGojNP,11,0,"{""USDT"": ""146500""}",{},2026-03-11T14:03:09+00:00,2026-06-13T13:03:18+00:00,11,incoming
TRexcxMkfc4XNAE89kNB5bbTic4Ni2QnCn,0,11,{},"{""USDT"": ""20650""}",2026-04-07T08:07:57+00:00,2026-08-03T04:03:24+00:00,11,outgoing
TMWFgxBDvCChpGJK11Zzx3pG9yoAsz5NMJ,10,0,"{""TRX"": ""0.000060""}",{},2026-03-09T04:05:54+00:00,2026-07-03T05:16:57+00:00,10,incoming
TNXGgVaQKwvABKYMuACAJDyTPkDbgEPoV8,10,0,"{""TRX"": ""0.000043""}",{},2026-01-22T14:15:00+00:00,2026-05-30T13:23:42+00:00,10,incoming
TVwi2hVANZ2WiGJpNQXgEe1isAGRDvPNMJ,10,0,"{""TRX"": ""0.000041""}",{},2026-04-01T08:38:33+00:00,2026-08-02T09:56:00+00:00,10,incoming
TWp5VTSQZRf3X82faiXvSoD9Pbkipf61Zt,8,2,"{""USDT"": ""60342.5""}","{""USDT"": ""15500""}",2026-05-31T13:31:42+00:00,2026-06-22T06:39:15+00:00,10,unknown
TE3gBwfk3giTbfWBkK1xyX6DSxVfMQQLAS,0,9,{},"{""USDT"": ""19500""}",2026-01-05T03:31:27+00:00,2026-01-18T10:45:36+00:00,9,outgoing
THAJzGP9Q1wDfNgWCjteDS2Bx8DRaF1oV8,9,0,"{""TRX"": ""0.000041""}",{},2026-01-24T03:19:27+00:00,2026-05-31T14:08:39+00:00,9,incoming
TNamowr9bKwq4BSJhNuzgydbDNNpoPr4FV,9,0,"{""TRX"": ""0.000020""}",{},2026-01-20T13:02:51+00:00,2026-07-11T06:54:51+00:00,9,incoming
TRKydUsVQfpiRG6QcuSxGY2dcCS6RUVLah,0,9,{},"{""USDT"": ""14253""}",2026-02-18T06:22:00+00:00,2026-05-01T10:16:27+00:00,9,outgoing
TAh8GF9vsuKk1r2VsTeuzLy5bBtjwSYYaZ,8,0,"{""TRX"": ""0.000040""}",{},2026-01-20T13:42:39+00:00,2026-04-16T13:45:36+00:00,8,incoming
TEc4s8P17nq5y39RES1yVGNQrTcH6HwZ1R,8,0,"{""TRX"": ""0.000038""}",{},2026-01-10T10:54:33+00:00,2026-05-14T08:03:57+00:00,8,incoming
TJZC1Pp18bGFZEqAA1PodP97hHUnNDKkms,0,8,{},"{""USDT"": ""10700""}",2026-05-11T08:43:48+00:00,2026-06-25T04:34:00+00:00,8,outgoing
TLqk16SN2ARUyixh64yxb9FzAwdT5FGQxr,0,8,{},"{""USDT"": ""700""}",2026-01-18T03:28:42+00:00,2026-07-04T07:46:57+00:00,8,outgoing
TVTPiohxe8TnQeQ5rZ9fmSxzcrBdFCVe5n,0,8,{},"{""USDT"": ""38500""}",2026-03-02T17:03:09+00:00,2026-07-31T11:53:00+00:00,8,outgoing
TL8VpKeT5cXmRAWrK8C6XUH7dUJVHNn8CA,0,7,{},"{""USDT"": ""17900""}",2026-02-06T14:45:42+00:00,2026-06-13T14:43:48+00:00,7,outgoing
TMRKUZ5dp8vTzTsLvca7rnphicnSUWpJHQ,0,7,{},"{""USDT"": ""15650""}",2026-05-27T13:55:48+00:00,2026-07-31T09:47:24+00:00,7,outgoing
TVvuJT9zPwFMYgD7CRcWUYFgYDeGLXec2c,0,7,{},"{""USDT"": ""42700""}",2026-01-06T12:03:15+00:00,2026-03-20T08:17:00+00:00,7,outgoing
TWxTTdemwi2HkuE7dGECBvGNdKoRTNqoV8,7,0,"{""TRX"": ""0.000040""}",{},2026-02-02T13:10:18+00:00,2026-05-30T13:23:33+00:00,7,incoming
TWznujqD7Wv6FCkFt3iSC1RUrNeymG1spQ,7,0,"{""TRX"": ""0.000029""}",{},2026-03-06T15:00:51+00:00,2026-07-18T07:38:39+00:00,7,incoming
TDK4wiBbz1UFwQefUCBE2vFUcV6sZJXoV8,6,0,"{""TRX"": ""0.000039""}",{},2026-01-24T03:21:06+00:00,2026-06-13T14:42:06+00:00,6,incoming
TJ1XcbcyMWN8frhNoHQMdzQN1UhbakHxh4,0,6,{},"{""USDT"": ""6300""}",2026-05-16T09:11:00+00:00,2026-08-03T08:10:15+00:00,6,outgoing
TKvmRiZwRvtMftMH8Et232rbFNQLBMR3Ka,6,0,"{""TRX"": ""0.000034""}",{},2026-01-16T09:24:15+00:00,2026-02-27T06:45:30+00:00,6,incoming
TLaGjwhvA8XQYSxFAcAXy7Dvuue9eGYitv,6,0,"{""USDT"": ""55090""}",{},2026-01-15T13:36:18+00:00,2026-07-31T10:52:18+00:00,6,incoming
TMSFq7YAiVsiUHRCzH6YfuAoCeAfWKwbWZ,0,6,{},"{""USDT"": ""25200""}",2026-04-22T06:03:24+00:00,2026-07-19T10:01:24+00:00,6,outgoing
TNCukLcSmeQJgKrqAkRadSnDtS2qcjkYsR,6,0,"{""TRX"": ""0.000028""}",{},2026-02-06T08:28:36+00:00,2026-07-23T12:20:21+00:00,6,incoming
TQiYZwYPGBf1k1gTaeU4BHgL1EjmVWEmpA,6,0,"{""TRX"": ""0.000024""}",{},2026-01-16T09:17:36+00:00,2026-05-22T14:06:51+00:00,6,incoming
TWsioUchZMZAn1trbZV6BUkzcme1pdp4FV,6,0,"{""TRX"": ""0.000046""}",{},2026-01-30T09:31:27+00:00,2026-07-29T08:06:30+00:00,6,incoming
TAwhKSjUtqCfMDXB1S6PSw9AcFwifDFLAS,5,0,"{""TRX"": ""0.000027""}",{},2026-01-08T15:11:03+00:00,2026-01-16T10:54:09+00:00,5,incoming
TB5sjY3b6q7MyoTdBJSZnBKo75PMPCaJcR,0,5,{},"{""USDT"": ""12000""}",2026-06-29T09:38:00+00:00,2026-08-03T08:10:54+00:00,5,outgoing
TD7LcvyLutKZmezdCwvUHavhhezAJHAZ1R,5,0,"{""TRX"": ""0.000024""}",{},2026-01-08T10:44:12+00:00,2026-05-06T15:25:06+00:00,5,incoming
TFGjudfZa8UNHfGyTAntmgPutLkEn1qhDX,5,0,"{""USDT"": ""7593""}",{},2026-03-02T13:53:18+00:00,2026-03-05T15:55:12+00:00,5,incoming
TFovcjKoCWX3ox3YyDRSqqXCeAFSfV4Z1R,5,0,"{""TRX"": ""0.000026""}",{},2026-02-07T13:13:03+00:00,2026-05-11T11:15:54+00:00,5,incoming
TGfxmZiah1ER3o7E9F76kAsnPNgQ5afNMJ,5,0,"{""TRX"": ""0.000023""}",{},2026-03-09T04:04:27+00:00,2026-08-02T09:56:42+00:00,5,incoming
TH7pTHrhD5zHqACKg5Z5uAfDtF2YYxFVnA,5,0,"{""TRX"": ""0.000022""}",{},2026-01-16T09:15:12+00:00,2026-03-23T12:43:00+00:00,5,incoming
TH8Gw8GSeVdhVPfiAf4UStmGeA1iMDDoV8,5,0,"{""TRX"": ""0.000030""}",{},2026-02-04T15:17:30+00:00,2026-06-09T08:54:24+00:00,5,incoming
THT4JbdKWJ2tbQ6PhFARANphVgLvGhQZzv,5,0,"{""TRX"": ""0.000024""}",{},2026-03-31T15:07:18+00:00,2026-07-17T14:50:12+00:00,5,incoming
TJkSjYjpwkKNZFmU2DxkBuuRx4uyH1zyms,0,5,{},"{""USDT"": ""804""}",2026-01-04T12:49:33+00:00,2026-06-19T12:06:18+00:00,5,outgoing
TJu86NNgiQ3fXe73dEkFmALM59NAXwQZ1R,5,0,"{""TRX"": ""0.000031""}",{},2026-02-02T13:05:27+00:00,2026-05-16T12:27:33+00:00,5,incoming
TRPtGzMeahvzvpjsz4NfLSqgGfgWoxYLAS,5,0,"{""TRX"": ""0.000022""}",{},2026-01-06T13:58:12+00:00,2026-01-18T10:47:54+00:00,5,incoming
TT31VtHNv4Yz3QDjNHfXRbsfP6kecMk4FV,5,0,"{""TRX"": ""0.000021""}",{},2026-01-23T09:46:06+00:00,2026-07-06T11:42:48+00:00,5,incoming
TVBKbUWvGwZjMcpzATDNenzTugQK4PGspQ,5,0,"{""TRX"": ""0.000024""}",{},2026-03-06T15:00:39+00:00,2026-06-27T14:09:24+00:00,5,incoming
TA3yggVs3GhsNPLzsZBzazAXodAwMnNjNP,4,0,"{""TRX"": ""0.000025""}",{},2026-03-13T14:54:27+00:00,2026-06-02T14:19:09+00:00,4,incoming
TB1GVr9maDxnazpkfZXzGsC9tHqZ1aBZ1R,4,0,"{""TRX"": ""0.000019""}",{},2026-04-25T13:42:30+00:00,2026-05-07T15:02:27+00:00,4,incoming
TBm8RenC2axhWQHzdh1v9uU8uuWDP3UnCn,4,0,"{""TRX"": ""0.000016""}",{},2026-04-07T08:09:57+00:00,2026-07-21T15:31:39+00:00,4,incoming
TDBfhDWuZWzrUjTZxwhKzVjPP7ZEAfYZ1R,4,0,"{""TRX"": ""0.000019""}",{},2026-02-03T12:29:21+00:00,2026-05-06T08:21:12+00:00,4,incoming
TDLFj1zm9aXCqNW4uw4vVZJoKs4uhxAmpA,4,0,"{""TRX"": ""0.000017""}",{},2026-01-24T03:24:27+00:00,2026-06-22T06:39:51+00:00,4,incoming
TFL779P8HnGsgpphKqTnHq9dKEA93R1Frv,4,0,"{""TRX"": ""0.000021""}",{},2026-01-13T14:20:33+00:00,2026-04-08T15:32:39+00:00,4,incoming
TGBJw47rQGNEGxorV5BffNoEoPGjdnXbRz,4,0,"{""TRX"": ""0.000016""}",{},2026-05-12T10:55:45+00:00,2026-06-09T08:50:15+00:00,4,incoming
TJQrTkFtpL2h4hKnAhwPYWYRBymRBR61Zt,4,0,"{""TRX"": ""0.000022""}",{},2026-06-03T10:52:18+00:00,2026-06-15T05:14:27+00:00,4,incoming
TLM2kKfdX9UF2vHSdWTD1Ghzs5ynoZFNMJ,4,0,"{""TRX"": ""0.000014""}",{},2026-01-25T05:01:42+00:00,2026-03-11T14:36:51+00:00,4,incoming
TN2GHnaCDe49uiDLBzpp2cgc7j8s1XyWHm,4,0,"{""USDT"": ""666""}",{},2026-01-05T17:07:30+00:00,2026-01-06T17:19:27+00:00,4,incoming
TNqDe6FkdNfEq64aof7YsctP3HXqX3teWd,4,0,"{""TRX"": ""0.000020""}",{},2026-01-20T13:38:12+00:00,2026-06-15T05:11:12+00:00,4,incoming
TPzPgaDDn6TE6S6HMUPAPp9rRoWWgLBVnA,4,0,"{""TRX"": ""0.000015""}",{},2026-02-24T16:05:03+00:00,2026-03-27T12:31:57+00:00,4,incoming
TUt2aomrkn4xygNPC8MfcnEojEvdjUsSjJ,2,2,"{""TRX"": ""91.655011"", ""USDT"": ""1""}","{""TRX"": ""100"", ""USDT"": ""1""}",2026-03-05T11:05:36+00:00,2026-03-06T04:24:48+00:00,4,unknown
TVK4xGuVDQHqXk1CtRcJwdTTy7uwzauw6Q,0,4,{},"{""USDT"": ""11500""}",2026-05-18T09:43:36+00:00,2026-07-31T09:46:36+00:00,4,outgoing
TWJB1GCiGXC8FnygMs33HEkbUmmeMqzuKZ,0,4,{},"{""USDT"": ""12900""}",2026-07-04T10:39:12+00:00,2026-07-29T08:01:15+00:00,4,outgoing
TX9CRcDqNj479FHrYB45tZkCvba36yvYsR,4,0,"{""TRX"": ""0.000014""}",{},2026-02-06T08:30:12+00:00,2026-07-23T12:20:21+00:00,4,incoming
TXwMn2LW6SQx4RdtPrrLVQ1zoWS9Av5YaZ,4,0,"{""TRX"": ""0.000020""}",{},2026-01-20T13:42:30+00:00,2026-02-13T14:02:57+00:00,4,incoming
TA5SegsRuknmCM2LYqoY8tib1hmKeSMLah,3,0,"{""TRX"": ""0.000010""}",{},2026-02-20T04:59:30+00:00,2026-04-16T13:46:33+00:00,3,incoming
TBAcuczuFRj67uCeRfUTJrEtCMkFH3J4FV,3,0,"{""TRX"": ""0.000006""}",{},2026-06-18T07:44:21+00:00,2026-07-06T11:43:36+00:00,3,incoming
TBfvwvYsuLtEGh9GMnMN4jyx4nwy3d1SjJ,3,0,"{""TRX"": ""0.000016""}",{},2026-03-05T11:07:45+00:00,2026-03-06T04:25:09+00:00,3,incoming
TBkVAvqp9oSnpt1nAWb6Jd52DVJT5k7oV8,3,0,"{""TRX"": ""0.000015""}",{},2026-02-22T05:00:54+00:00,2026-05-26T10:18:33+00:00,3,incoming
TDsRuMT7uHhVBggHc23MdWXs2UxV6Bx97N,0,3,{},"{""USDT"": ""27000""}",2026-06-25T04:37:27+00:00,2026-07-10T17:24:36+00:00,3,outgoing
TETarpQ43KFPqu6U4KNAma5AZFoLtfCFrv,3,0,"{""TRX"": ""0.000012""}",{},2026-01-20T13:41:30+00:00,2026-03-18T12:27:33+00:00,3,incoming
TEqWrAePADnqEaRJGv2EJWpwqQZ2QrEZzv,3,0,"{""TRX"": ""0.000017""}",{},2026-06-27T14:14:51+00:00,2026-07-21T14:44:21+00:00,3,incoming
TEvRZvoWPojaEkD7d2Bt8ffaqwFB3P1bRz,3,0,"{""TRX"": ""0.000016""}",{},2026-06-28T06:43:27+00:00,2026-08-02T09:57:24+00:00,3,incoming
TFAeCS9RBvz5mFkJtrPf1poSKJRRLp3bRz,3,0,"{""TRX"": ""0.000006""}",{},2026-05-31T14:05:06+00:00,2026-06-22T06:39:18+00:00,3,incoming
TFnJrcJ1fsw5Eq26fvtBUjm5JhBPJhhUa3,0,3,{},"{""USDT"": ""2112""}",2026-06-10T10:57:33+00:00,2026-07-05T10:24:33+00:00,3,outgoing
TFsRDRH991m1awnWt7RbA6p7p7buvtWYaZ,3,0,"{""TRX"": ""0.000006""}",{},2026-01-24T03:17:42+00:00,2026-03-09T04:05:51+00:00,3,incoming
TJUnHgpWaJ9FH8QwfkCAbkXhYHppKytbRz,3,0,"{""TRX"": ""0.000018""}",{},2026-05-31T14:06:48+00:00,2026-07-19T10:02:48+00:00,3,incoming
TJkZsDeMWxNfGQJ8sSsvNUGFU6ckEZwxh4,3,0,"{""TRX"": ""0.000013""}",{},2026-06-28T06:42:27+00:00,2026-08-03T08:12:27+00:00,3,incoming
TJyCB9cheQU63G3KrSBf46aeUv5XRCRspQ,3,0,"{""TRX"": ""0.000006""}",{},2026-06-02T14:15:54+00:00,2026-06-27T14:08:06+00:00,3,incoming
TLukvAwqmShUp5pykHbPvxqtkTh9mCwZzv,3,0,"{""TRX"": ""0.000006""}",{},2026-05-15T15:50:54+00:00,2026-07-17T14:48:24+00:00,3,incoming
TMV8gL5ZwphpAvjtWWdvLHsiM4pNa54ENz,3,0,"{""USDT"": ""7600""}",{},2026-01-16T16:22:57+00:00,2026-03-26T04:27:00+00:00,3,incoming
TNTXXxXByhTQEkX5rSw3LSFZhwGZRS6Frv,3,0,"{""TRX"": ""0.000014""}",{},2026-01-20T13:39:54+00:00,2026-04-05T11:54:48+00:00,3,incoming
TNgXJXFewMbuvj7gkH5HBxfprxmYfonLAS,3,0,"{""TRX"": ""0.000023""}",{},2026-01-06T13:58:39+00:00,2026-01-16T10:53:36+00:00,3,incoming
TP5eDxPUWziNdtace4DNALTzxLYUCy4VKa,3,0,"{""TRX"": ""0.000006""}",{},2026-02-13T14:02:48+00:00,2026-03-06T15:23:54+00:00,3,incoming
TPkzPUXGQyhiFEDAmA8oiJt6tRhkjh2LAS,3,0,"{""TRX"": ""0.000007""}",{},2026-01-08T15:10:57+00:00,2026-01-18T10:47:48+00:00,3,incoming
TPvFZS7fLYq9wsPWqiWTjKPPrpQ19HbYsR,3,0,"{""TRX"": ""0.000007""}",{},2026-05-29T15:22:24+00:00,2026-07-25T14:44:57+00:00,3,incoming
TQ4NzRNHVaQgJAab5r9Kb1E2TVqAEQreQK,0,3,{},"{""USDT"": ""14500""}",2026-04-20T15:14:54+00:00,2026-04-22T04:53:21+00:00,3,outgoing
TRrjLspxWwUinwJeZxPEJC5BBuqGsa14FV,3,0,"{""TRX"": ""0.000014""}",{},2026-01-10T11:56:48+00:00,2026-07-06T11:43:45+00:00,3,incoming
TSadSiXLxDTgbMphDrwwSYnwGPhjJNKYsR,3,0,"{""TRX"": ""0.000012""}",{},2026-02-26T10:41:48+00:00,2026-05-02T11:15:45+00:00,3,incoming
TT6MER5Q37HHkjBPDfaazZiwDXuX6q1jNP,3,0,"{""TRX"": ""0.000009""}",{},2026-03-11T14:04:15+00:00,2026-06-13T13:04:36+00:00,3,incoming
TTkZA3qRj6qVocdwvxVsTiKNie6uCZ5kNe,3,0,"{""TRX"": ""0.000016""}",{},2026-02-10T13:16:06+00:00,2026-02-14T17:16:03+00:00,3,incoming
TVoYizrJQEoBKZXGbgpoyxPw8p1y4jpYaZ,3,0,"{""TRX"": ""0.000021""}",{},2026-01-06T12:09:03+00:00,2026-03-11T14:33:54+00:00,3,incoming
TWVJAthhkJMf1Pfx5BqzyDC6EcqSL3XYsR,3,0,"{""TRX"": ""0.000012""}",{},2026-02-06T08:29:54+00:00,2026-04-18T10:36:42+00:00,3,incoming
TWXKG3sWWNEW7uZDsdzUJXVBrJqBKquZ1R,3,0,"{""TRX"": ""0.000016""}",{},2026-02-02T13:06:18+00:00,2026-05-07T15:03:21+00:00,3,incoming
TXaZAjdudxZy28BzZ3dCRheqJxknmUoxV8,3,0,"{""TRX"": ""0.000006""}",{},2026-01-24T03:19:09+00:00,2026-03-09T04:05:09+00:00,3,incoming
TY5Bu3zhwjwsCge2dWR3223S9mh36qFYaZ,3,0,"{""TRX"": ""0.000017""}",{},2026-01-20T13:41:06+00:00,2026-04-16T13:44:42+00:00,3,incoming
TY6swtFRGCnpMbPD5JTUeWGdVS6ryF4Lah,3,0,"{""TRX"": ""0.000011""}",{},2026-02-18T13:27:06+00:00,2026-05-01T10:18:21+00:00,3,incoming
TY9Q94MCTcNHvq6oTxjq8zYdPZyKDookNe,0,3,{},"{""USDT"": ""18500""}",2026-02-07T13:07:54+00:00,2026-02-14T17:14:57+00:00,3,outgoing
TY9d6u48bshECfbt2A4zxCmmiLSKfRbmpA,3,0,"{""TRX"": ""0.000017""}",{},2026-02-27T06:48:54+00:00,2026-05-08T08:47:51+00:00,3,incoming
TYztuC4CQoCGNcmDLkrSsLd1mwoy6YEimf,0,3,{},"{""USDT"": ""10400""}",2026-04-28T08:01:09+00:00,2026-07-11T09:15:09+00:00,3,outgoing
TZ1nGVme8JCU9xhX8iqi3ibMnkk12c1YaZ,3,0,"{""TRX"": ""0.000016""}",{},2026-01-06T12:07:27+00:00,2026-03-11T14:32:54+00:00,3,incoming
TADDXy18DWcJiT9o7BDEsoH5WfQ2AECNMJ,2,0,"{""TRX"": ""0.000009""}",{},2026-05-07T12:44:12+00:00,2026-05-22T14:04:51+00:00,2,incoming
TAG34rBNHmYQGMPLqqLYVzwa3vmpKPiWid,0,2,{},"{""USDT"": ""5500""}",2026-07-25T07:15:45+00:00,2026-07-31T11:55:42+00:00,2,outgoing
TBHbdf8cmVKZ73TosnzR6e8JrxpJD91NMJ,2,0,"{""TRX"": ""0.000005""}",{},2026-02-25T13:59:24+00:00,2026-04-05T11:54:00+00:00,2,incoming
TBgu19VK4nQpKsMhEQ3EYCtwfXBbLLZnCn,2,0,"{""TRX"": ""0.000012""}",{},2026-05-20T13:48:03+00:00,2026-07-13T07:21:39+00:00,2,incoming
TCETwsANVDgCSfdhkxPQuDp5DL46QWsCUk,2,0,"{""USDT"": ""5560""}",{},2026-06-30T15:50:21+00:00,2026-07-19T14:42:06+00:00,2,incoming
TEC8vfFgPGLDcrLAWn9MSepj1pjvi3YnCn,2,0,"{""TRX"": ""0.000004""}",{},2026-07-11T09:17:15+00:00,2026-07-13T07:20:24+00:00,2,incoming
TEXckR6k5TA8Ek1xXpvofon23w9DNoFNMJ,2,0,"{""TRX"": ""0.000009""}",{},2026-05-01T10:18:54+00:00,2026-05-18T09:46:21+00:00,2,incoming
TEeDatfHoQpMuosApypU3BUSU2ePN1sxh4,2,0,"{""TRX"": ""0.000007""}",{},2026-06-28T06:40:21+00:00,2026-08-03T08:10:27+00:00,2,incoming
TFck2MLNQLwTvdGJ8HQZPWpu1W3dGCpxpA,2,0,"{""TRX"": ""0.000004""}",{},2026-02-02T13:13:21+00:00,2026-04-23T04:52:09+00:00,2,incoming
TFd6EjNcSiZV5FMxTQ8XiQyBwdzNTRZjpA,2,0,"{""TRX"": ""0.000004""}",{},2026-01-16T09:21:27+00:00,2026-02-03T12:26:03+00:00,2,incoming
TGxVDJfRbamCj3nEoBPvEY72rRpk1E4Frv,2,0,"{""TRX"": ""0.002""}",{},2026-01-13T13:51:57+00:00,2026-04-08T15:30:42+00:00,2,incoming
TH4cCFWCL23xaFpybRVtbP1Zwz2ykRA9w5,2,0,"{""USDT"": ""201""}",{},2026-01-01T11:40:09+00:00,2026-01-05T12:09:09+00:00,2,incoming
THE4BSkinxFCqtLmDGxRwn2DFnc2fCSoV8,2,0,"{""TRX"": ""0.000006""}",{},2026-02-02T13:08:42+00:00,2026-06-03T17:41:48+00:00,2,incoming
TJ1JC6nCZwtgUBqdbrRAhfNPL2fQ3SnYsR,2,0,"{""TRX"": ""0.000012""}",{},2026-04-04T11:12:57+00:00,2026-07-25T19:51:39+00:00,2,incoming
TJCDyY2ETdvT1GC7aktDeLCDJzSqQ51w6Q,2,0,"{""TRX"": ""0.000012""}",{},2026-05-18T09:46:00+00:00,2026-07-31T09:48:03+00:00,2,incoming
TJm1vKHiX2Y5K2ndYH4XkLqdkpDm2w18CA,2,0,"{""TRX"": ""0.000016""}",{},2026-04-07T08:12:15+00:00,2026-05-30T13:26:36+00:00,2,incoming
TJwpsAp6GxGUNAaGNVLGivpcV5imnFp3Ka,2,0,"{""TRX"": ""0.000004""}",{},2026-01-24T03:22:30+00:00,2026-02-13T14:04:42+00:00,2,incoming
TK2PtMZTGckkTvoGZyBNRM6ggiNQTTjQvx,0,2,{},"{""USDT"": ""3900""}",2026-02-09T03:23:48+00:00,2026-02-15T03:34:39+00:00,2,outgoing
TL2uZxWaFTkbpK2xi3HaLpYdnqf579N1Zt,2,0,"{""TRX"": ""0.000007""}",{},2026-06-06T06:05:09+00:00,2026-06-09T16:50:48+00:00,2,incoming
TLQrKs94Wk59WAYvH7t7b9JbkCkgd1iNMJ,2,0,"{""TRX"": ""0.000002""}",{},2026-01-21T02:09:39+00:00,2026-01-25T22:50:30+00:00,2,incoming
TLhp6HQS1qznzN7eoST5MYqcrFEWpjozXE,0,2,{},"{""USDT"": ""10000""}",2026-01-26T14:38:30+00:00,2026-05-12T10:55:33+00:00,2,outgoing
TLpfX4CXRLPNy5xK6F2YcXvBcx3BDzoYaZ,2,0,"{""TRX"": ""0.000004""}",{},2026-01-06T12:08:48+00:00,2026-03-06T15:26:39+00:00,2,incoming
TMCfCH33Jhc5Wcx9oUukE7vjCXaMuPcxh4,2,0,"{""TRX"": ""0.000013""}",{},2026-05-16T09:14:15+00:00,2026-05-27T13:59:39+00:00,2,incoming
TMJcK6TgJeYTQbpqCqXjsexLXwwGQqLeWd,2,0,"{""TRX"": ""0.000009""}",{},2026-02-16T11:16:54+00:00,2026-08-03T03:55:15+00:00,2,incoming
TMJcb5gtU9mnmmMFxwKQpYk7LRxKKqyDkQ,2,0,"{""TRX"": ""0.000004""}",{},2026-08-01T07:10:06+00:00,2026-08-02T16:40:42+00:00,2,incoming
TMV97R2zLZ2xAQZm9RrsQCRfuMESCuQ3Ka,2,0,"{""TRX"": ""0.000007""}",{},2026-02-04T15:12:36+00:00,2026-03-02T17:11:48+00:00,2,incoming
TMeMErjZxFvGuJMp3FeoGbpjvWwRWm1JHQ,2,0,"{""TRX"": ""0.000012""}",{},2026-05-27T13:58:39+00:00,2026-06-07T18:05:30+00:00,2,incoming
TN6mNrZucqaL4hpFzBiKM9EtNY221SxTGe,0,2,{},"{""USDT"": ""12500""}",2026-01-14T06:25:45+00:00,2026-01-16T09:30:48+00:00,2,outgoing
TNNaPkhuSzHvPcuDREmXwoddmTXBZitDZt,2,0,"{""TRX"": ""0.000011""}",{},2026-05-31T13:32:00+00:00,2026-06-04T13:25:03+00:00,2,incoming
TNXJULMxhdLy1MUe5Kx9ZNt5uFfq2XVUpa,2,0,"{""USDT"": ""118""}",{},2026-07-06T12:57:24+00:00,2026-07-31T12:29:54+00:00,2,incoming
TQCFwsus88kB66CuCgUNHhweKpUKMrZZ1R,2,0,"{""TRX"": ""0.000004""}",{},2026-05-11T11:13:48+00:00,2026-05-16T12:25:03+00:00,2,incoming
TQwJHjUYGc1VVKYJNvCTWqUJxhb9PohNMJ,2,0,"{""TRX"": ""0.000010""}",{},2026-01-10T10:52:30+00:00,2026-05-12T10:56:42+00:00,2,incoming
TRKm1gUnzfs35mwPPH2mHiXBRG5Ndtx1Zt,2,0,"{""TRX"": ""0.000016""}",{},2026-06-03T10:50:00+00:00,2026-06-08T14:56:48+00:00,2,incoming
TRR8xp2EZUmd8iboXS7CUAdyde7EuezznA,2,0,"{""TRX"": ""0.000004""}",{},2026-01-16T09:19:00+00:00,2026-03-13T15:15:12+00:00,2,incoming
TRcBHYqWs2KneFp7D6N3vtu6ibwwBbyQxr,2,0,"{""TRX"": ""0.000004""}",{},2026-02-25T09:41:33+00:00,2026-07-04T07:49:54+00:00,2,incoming
TRdCEfr8ZVtp4pqsBLZ7XRBXf3Vea2TXnA,2,0,"{""TRX"": ""0.000004""}",{},2026-02-03T12:31:03+00:00,2026-02-20T06:17:48+00:00,2,incoming
TS9dT2FbXAn6oUtfwUZCNphARFebj8pUa3,2,0,"{""TRX"": ""0.000005""}",{},2026-06-10T10:59:39+00:00,2026-06-22T14:08:45+00:00,2,incoming
TSDeeDpxUrGQgmpBFZVxkVvWGkNGAjaZ1R,2,0,"{""TRX"": ""0.000004""}",{},2026-05-06T15:29:06+00:00,2026-05-11T11:14:06+00:00,2,incoming
TSHD161FuoSuor6ood4Lzk5iQYitY25WHm,2,0,"{""TRX"": ""0.000011""}",{},2026-01-06T04:06:09+00:00,2026-01-06T17:21:42+00:00,2,incoming
TSb8dWrDXb5vQzvkAXRc8fbcTuEsDFbnCn,2,0,"{""TRX"": ""0.000012""}",{},2026-04-07T08:10:09+00:00,2026-06-19T12:06:51+00:00,2,incoming
TSrRYUUz774oaPKsN7NRZnSqYqr5NwjDkQ,2,0,"{""USDT"": ""148""}",{},2026-08-01T07:07:54+00:00,2026-08-02T16:38:30+00:00,2,incoming
TVFHgTTMK9svyrFpJAQugxzWvYms4RbeWd,2,0,"{""TRX"": ""0.000010""}",{},2026-01-24T03:12:51+00:00,2026-07-29T08:00:54+00:00,2,incoming
TW3GGtCsgNUXFYMGqBkyZ6qTcTRHvt3NJk,2,0,"{""USDT"": ""13775""}",{},2026-07-31T10:10:51+00:00,2026-07-31T11:12:30+00:00,2,incoming
TW9cscHKRUPqip2iK2gmFDbG1f5Hdw2eWd,2,0,"{""TRX"": ""0.000003""}",{},2026-01-24T03:12:39+00:00,2026-03-09T03:56:06+00:00,2,incoming
TWsuQhQ2kUpZH1oBGg3QtSD1tJPziAvbWZ,2,0,"{""TRX"": ""0.000013""}",{},2026-05-06T16:00:24+00:00,2026-06-06T10:57:42+00:00,2,incoming
TX1HQWanqF5Nvyz2BtQ3DsA4jtbWAV7n1R,2,0,"{""TRX"": ""0.000004""}",{},2026-02-03T12:29:00+00:00,2026-02-07T13:11:39+00:00,2,incoming
TXX53Ywrsre2saFwe5QHpPb54Yuc2iQJHQ,2,0,"{""TRX"": ""0.000009""}",{},2026-05-27T13:55:54+00:00,2026-07-09T10:38:42+00:00,2,incoming
TXfYPRTuPD5uafdnAPfmtM1i5oWhet4YsR,2,0,"{""TRX"": ""0.000005""}",{},2026-02-12T10:15:18+00:00,2026-05-02T11:15:39+00:00,2,incoming
TXqYkCzejnSfYdmwh6ayqVy28jifuvhmpA,2,0,"{""TRX"": ""0.000004""}",{},2026-04-27T07:46:39+00:00,2026-05-02T17:04:48+00:00,2,incoming
TXuA9HwkD5dHGQLGo7zmJidv3VAxcRnkms,2,0,"{""TRX"": ""0.000009""}",{},2026-06-05T16:52:27+00:00,2026-06-13T10:33:18+00:00,2,incoming
TYEYkptqtTV4CwxsqEwnuJmPyjsXWGryms,2,0,"{""TRX"": ""0.000009""}",{},2026-01-31T08:00:06+00:00,2026-06-19T12:08:30+00:00,2,incoming
TZ3Y771vj5jUdBd9tfHRLxHT26oTf71xh4,2,0,"{""TRX"": ""0.000014""}",{},2026-06-28T06:43:00+00:00,2026-07-05T08:47:18+00:00,2,incoming
TZFwYYFYscNcEMDYGR3nqM37JmEvicr1Zt,2,0,"{""TRX"": ""0.000004""}",{},2026-06-03T10:50:54+00:00,2026-06-15T05:13:57+00:00,2,incoming
T9yZh8qdP8z6MDZHHrdoDrrbTViegbCSut,1,0,"{""TRX"": ""0.000001""}",{},2026-05-12T10:54:57+00:00,2026-05-12T10:54:57+00:00,1,incoming
TA2aenus7i5ArM3b7Q564fSaXKmahqqLAS,1,0,"{""TRX"": ""0.000001""}",{},2026-01-18T14:55:18+00:00,2026-01-18T14:55:18+00:00,1,incoming
TA5EHAKBmgh5Sn6GcbPFbuXgmoPJbkynTd,1,0,"{""TRX"": ""0.000001""}",{},2026-01-27T04:21:03+00:00,2026-01-27T04:21:03+00:00,1,incoming
TA74wRqsV7cun4CMKR5Qpy2B5eRkvNtF7N,1,0,"{""TRX"": ""0.000005""}",{},2026-06-25T04:37:36+00:00,2026-06-25T04:37:36+00:00,1,incoming
TA7jpGwcRCihejKxJj6ufUFoEzTHAffeYm,1,0,"{""TRX"": ""711.711""}",{},2026-06-05T13:07:30+00:00,2026-06-05T13:07:30+00:00,1,incoming
TACcN2kyQAwc6mRtk51KwiB9Gf2mvweLCn,1,0,"{""TRX"": ""0.000002""}",{},2026-06-19T12:05:03+00:00,2026-06-19T12:05:03+00:00,1,incoming
TAHHaGD2Cw2rcEnjzY1bc18v8Vb4irbBRz,1,0,"{""TRX"": ""0.000004""}",{},2026-06-09T09:00:09+00:00,2026-06-09T09:00:09+00:00,1,incoming
TAJqGhk4wuGwoRN4vQgHTSfEt5GSyZ5f4r,1,0,"{""TRX"": ""0.000006""}",{},2026-08-03T10:34:09+00:00,2026-08-03T10:34:09+00:00,1,incoming
TALXaLTP4TQCxpFCaSYVfRaa3yobsdf1LQ,1,0,"{""TRX"": ""0.000002""}",{},2026-07-09T10:41:00+00:00,2026-07-09T10:41:00+00:00,1,incoming
TATPU1Jy3i96j67woz7CVm99DpucuNRFFV,1,0,"{""TRX"": ""0.000005""}",{},2026-07-07T10:25:12+00:00,2026-07-07T10:25:12+00:00,1,incoming
TAZSssRKdmuUUoxNhiw8JJQDzVWFWYKmRh,0,1,{},"{""USDT"": ""1800""}",2026-02-20T16:40:18+00:00,2026-02-20T16:40:18+00:00,1,outgoing
TAddPg6dNXAWPmJH3wvPvMsAjpvp7kcc2c,1,0,"{""TRX"": ""0.000002""}",{},2026-03-06T04:27:09+00:00,2026-03-06T04:27:09+00:00,1,incoming
TAjJ4hN4Z5qZPQY84LyXHB4EBcj7CcQayd,1,0,"{""TRX"": ""0.000001""}",{},2026-01-27T04:16:33+00:00,2026-01-27T04:16:33+00:00,1,incoming
TAmSnWoSEKngDqNvuJagoCr1Y2cunYRpYU,1,0,"{""TRX"": ""0.000001""}",{},2026-06-30T10:57:03+00:00,2026-06-30T10:57:03+00:00,1,incoming
TAmtE77xrXtG5czpjzJmuVhH8wxHWfK7NY,1,0,"{""TRX"": ""0.97""}",{},2026-03-18T13:08:27+00:00,2026-03-18T13:08:27+00:00,1,incoming
TAmzN5p7canKniKTSj2YzAAVKitNFkFpMJ,1,0,"{""TRX"": ""0.000002""}",{},2026-06-09T16:14:30+00:00,2026-06-09T16:14:30+00:00,1,incoming
TAnjRiMLgE2KbfJj5yeDFqrcavDWsevc2c,1,0,"{""TRX"": ""0.000006""}",{},2026-03-06T04:28:18+00:00,2026-03-06T04:28:18+00:00,1,incoming
TAqAjsRfubSehQ8GiZy2ZGjSAEwZAAAAAA,1,0,"{""TRX"": ""999.999999""}",{},2026-04-01T06:35:03+00:00,2026-04-01T06:35:03+00:00,1,incoming
TAuZMbjiZ5x8soYxYnU8B9UYJsYYTBHomV,1,0,"{""TRX"": ""0.000001""}",{},2026-01-24T03:13:06+00:00,2026-01-24T03:13:06+00:00,1,incoming
TAv1ZMTeJaUhQnNP41Aumvw5Z5GrEk1F1R,1,0,"{""TRX"": ""0.000002""}",{},2026-05-14T08:01:54+00:00,2026-05-14T08:01:54+00:00,1,incoming
TAzP176sAbLjWtV8HqFFNHzsX7tVB1i1sR,1,0,"{""TRX"": ""0.000008""}",{},2026-02-26T10:40:51+00:00,2026-02-26T10:40:51+00:00,1,incoming
TB1KP4xeNLYzapu4U8St8YZv9Padm1nXbe,1,0,"{""TRX"": ""6.666666""}",{},2026-06-18T19:04:09+00:00,2026-06-18T19:04:09+00:00,1,incoming
TB1ZqH5pxGfnN6PzqghFYYhMwcjwzsy1sR,1,0,"{""TRX"": ""0.000005""}",{},2026-02-12T10:13:12+00:00,2026-02-12T10:13:12+00:00,1,incoming
TB2YkXb6vqoDbKkrjD8Ro56xdxwsXm7Yrv,1,0,"{""TRX"": ""0.000003""}",{},2026-03-18T12:29:30+00:00,2026-03-18T12:29:30+00:00,1,incoming
TB7kZ37ZADHzmHihvsRVWe6GCbapoxU4KZ,1,0,"{""TRX"": ""0.000005""}",{},2026-07-13T07:17:15+00:00,2026-07-13T07:17:15+00:00,1,incoming
TB9v3YHa3kkPmKR2Ha3hgsxBRDAztKoHcR,1,0,"{""TRX"": ""0.000009""}",{},2026-07-15T09:07:18+00:00,2026-07-15T09:07:18+00:00,1,incoming
TBA18tziBNKnrRnETXNNnB1ET7FTpn19As,1,0,"{""TRX"": ""0.000004""}",{},2026-05-03T10:37:30+00:00,2026-05-03T10:37:30+00:00,1,incoming
TBANhvj73RwX4462jKDQBHpAU7wme65z6Q,1,0,"{""TRX"": ""0.000001""}",{},2026-07-31T09:47:42+00:00,2026-07-31T09:47:42+00:00,1,incoming
TBAhfNHGPu8oYkoNmjpNSBmrGHwvK8BupA,1,0,"{""TRX"": ""0.000002""}",{},2026-05-26T10:15:15+00:00,2026-05-26T10:15:15+00:00,1,incoming
TBH8Ks6CGXQFdjx3otUgcXqACKHVpPrXDX,1,0,"{""TRX"": ""0.000001""}",{},2026-03-03T10:14:48+00:00,2026-03-03T10:14:48+00:00,1,incoming
TBJzofmVxs3zwf6SXVpyb1BDFnbJj3bUpQ,1,0,"{""TRX"": ""0.000005""}",{},2026-07-18T07:35:48+00:00,2026-07-18T07:35:48+00:00,1,incoming
TBLSRDTXjzwAfA3Ggno2CX5XkH7LfjtyHQ,1,0,"{""TRX"": ""0.000001""}",{},2026-06-07T18:04:54+00:00,2026-06-07T18:04:54+00:00,1,incoming
TBMdhFK7zZ78kEn3bWYJk4KFAgAcr1yDkQ,1,0,"{""TRX"": ""0.000007""}",{},2026-08-01T07:08:03+00:00,2026-08-01T07:08:03+00:00,1,incoming
TBSxQLujoiXnqYWsxySL5PVVBkwzjiqSCn,1,0,"{""TRX"": ""0.000001""}",{},2026-07-21T15:31:03+00:00,2026-07-21T15:31:03+00:00,1,incoming
TBUXxuYQ1na2ta8CjrD35HsAAuUK1qSRCn,1,0,"{""TRX"": ""0.000002""}",{},2026-05-20T13:46:27+00:00,2026-05-20T13:46:27+00:00,1,incoming
TBbFvRRK9GhCHzeTv3HJ7KK9GWjE5nt3pQ,1,0,"{""TRX"": ""0.000005""}",{},2026-03-06T14:59:42+00:00,2026-03-06T14:59:42+00:00,1,incoming
TBcJTCvtJmzjdK5DHcbzHXKd4YnkWnFSjJ,1,0,"{""TRX"": ""0.000002""}",{},2026-03-05T11:06:42+00:00,2026-03-05T11:06:42+00:00,1,incoming
TBeJjJYPZtPiuaigk4wyQzZgwZgHCcQNMJ,1,0,"{""TRX"": ""0.000002""}",{},2026-02-04T15:14:45+00:00,2026-02-04T15:14:45+00:00,1,incoming
TBggHrK4U7NqkyqxW8vgtoa839nJRxLxog,1,0,"{""TRX"": ""711.711""}",{},2026-05-20T14:09:45+00:00,2026-05-20T14:09:45+00:00,1,incoming
TBpJkxtyU4KaEB6KpsuFLz56dm9x6QpZ1b,1,0,"{""TRX"": ""0.000002""}",{},2026-03-03T07:00:30+00:00,2026-03-03T07:00:30+00:00,1,incoming
TBqSHttiAw3VkyLEWJRrPg58qftyFn3QjQ,0,1,{},"{""USDT"": ""5000""}",2026-07-29T08:02:36+00:00,2026-07-29T08:02:36+00:00,1,outgoing
TC5AAS7hc6bEytBu5xBoBneJWbWSV6z6ju,1,0,"{""TRX"": ""0.000002""}",{},2026-07-08T10:59:00+00:00,2026-07-08T10:59:00+00:00,1,incoming
TC6TzSx2gYRa4BGQKhz4EaSVyQPBNJ2z7Q,1,0,"{""USDT"": ""14175""}",{},2026-02-20T05:31:36+00:00,2026-02-20T05:31:36+00:00,1,incoming
TC9a5Eo9yPDjKHDS7vJZW7oi1jqhHPAstN,1,0,"{""USDT"": ""10000""}",{},2026-07-14T11:53:33+00:00,2026-07-14T11:53:33+00:00,1,incoming
TC9hrYqH8epNFVcBAzSoCswsyxuNacj9js,0,1,{},"{""USDT"": ""6300""}",2026-06-09T15:02:42+00:00,2026-06-09T15:02:42+00:00,1,outgoing
TCANaZgrrhvsj7bab7dHhxR1zJv81Ywkms,1,0,"{""TRX"": ""0.000001""}",{},2026-06-25T04:35:06+00:00,2026-06-25T04:35:06+00:00,1,incoming
TCAhFngh5bVXPUDT5CH9KssPcbViAR7Nqh,1,0,"{""TRX"": ""0.000002""}",{},2026-07-08T10:57:42+00:00,2026-07-08T10:57:42+00:00,1,incoming
TCCL3YAzj6bqs9dcxT9FKg3B4LUvZmpLnq,1,0,"{""TRX"": ""1""}",{},2026-06-09T16:14:21+00:00,2026-06-09T16:14:21+00:00,1,incoming
TCDtmKLKZSJx2BctqZLw2u4iJ8AQuQYdpA,1,0,"{""TRX"": ""0.000002""}",{},2026-04-24T11:12:00+00:00,2026-04-24T11:12:00+00:00,1,incoming
TCF1ZC9aZwuxWF9FErb4BBApMDvHc6x8Wd,1,0,"{""TRX"": ""0.000001""}",{},2026-02-11T03:36:06+00:00,2026-02-11T03:36:06+00:00,1,incoming
TCGCvbSKX1ZEWydKapubNB4Y97kYGAwVXd,1,0,"{""TRX"": ""0.000001""}",{},2026-02-18T05:29:27+00:00,2026-02-18T05:29:27+00:00,1,incoming
TCGsTCLcg1jQyz8eUQGFRZ3AYBb6f4iT1m,1,0,"{""TRX"": ""0.000001""}",{},2026-02-25T09:40:33+00:00,2026-02-25T09:40:33+00:00,1,incoming
TCMW9VP58RumJkdCPh5sCwVMDxJw9nbu5n,1,0,"{""TRX"": ""0.000002""}",{},2026-06-18T11:21:03+00:00,2026-06-18T11:21:03+00:00,1,incoming
TCQNuxSRSuunGW148qkbPaEDmRkZMsHvKD,1,0,"{""USDT"": ""15500""}",{},2026-06-21T15:06:27+00:00,2026-06-21T15:06:27+00:00,1,incoming
TCSegnt8pJ9dUHypvApg24b7bydbobS1T8,1,0,"{""TRX"": ""0.00001""}",{},2026-07-06T09:05:18+00:00,2026-07-06T09:05:18+00:00,1,incoming
TCTH5RuHAWPhvmeS4yq6q5qCSmxSLpZfRz,1,0,"{""TRX"": ""0.000001""}",{},2026-07-08T10:57:45+00:00,2026-07-08T10:57:45+00:00,1,incoming
TCTXSgZcmdKsJCuUHQqryExFxZA8yuq7gn,1,0,"{""TRX"": ""0.000001""}",{},2026-02-10T13:15:30+00:00,2026-02-10T13:15:30+00:00,1,incoming
TCUDPdcGSttYeMNMiDof7jqUvBTktgoqqh,1,0,"{""TRX"": ""0.000002""}",{},2026-07-08T10:58:33+00:00,2026-07-08T10:58:33+00:00,1,incoming
TCUY332benuj89MPSg9zwnpMN63bsUD4MJ,1,0,"{""TRX"": ""0.000001""}",{},2026-04-28T08:01:42+00:00,2026-04-28T08:01:42+00:00,1,incoming
TCUczeQnR4q2pLbRCLuXzZnbKUHBdcnz7S,1,0,"{""TRX"": ""711""}",{},2026-07-08T10:57:30+00:00,2026-07-08T10:57:30+00:00,1,incoming
TCWKFJGDFBUH1aeJEWdn77ebZSsFbdm6zv,1,0,"{""TRX"": ""0.000002""}",{},2026-05-15T15:49:57+00:00,2026-05-15T15:49:57+00:00,1,incoming
TCXfkp6v2ueJGM5gBraBhaC3zn6V7vBi4S,1,0,"{""TRX"": ""0.000004""}",{},2026-03-23T11:12:03+00:00,2026-03-23T11:12:03+00:00,1,incoming
TCZRdWgPrhoj1wEZ4pK2PsuoRTdHacpHnd,1,0,"{""TRX"": ""0.000001""}",{},2026-01-27T04:40:51+00:00,2026-01-27T04:40:51+00:00,1,incoming
TCavyBjSN8DHYXrwBZ7QHwvsyFmXTNo9As,1,0,"{""TRX"": ""0.000001""}",{},2026-05-03T10:36:06+00:00,2026-05-03T10:36:06+00:00,1,incoming
TCfbPYSWdMTPQe3fZ5oPtt6a8UYgFdfE1b,1,0,"{""TRX"": ""7.11""}",{},2026-01-10T10:51:06+00:00,2026-01-10T10:51:06+00:00,1,incoming
TCgXfkXrYph1HeV84LW9UAXRwRD3Hyte5n,1,0,"{""TRX"": ""0.000006""}",{},2026-07-11T09:20:15+00:00,2026-07-11T09:20:15+00:00,1,incoming
TCkW1cmnXcR8Upz2xiriiyNwypxVkTwztd,1,0,"{""TRX"": ""0.000001""}",{},2026-01-27T04:44:45+00:00,2026-01-27T04:44:45+00:00,1,incoming
TCsZQU14R53tUBzRkfYVwe6SLGmhWMxZ1R,1,0,"{""TRX"": ""0.000001""}",{},2026-02-14T14:04:18+00:00,2026-02-14T14:04:18+00:00,1,incoming
TCt1znb3ViuFpW7XGAP3xnUPFHfu2S197N,1,0,"{""TRX"": ""0.000005""}",{},2026-06-25T04:40:42+00:00,2026-06-25T04:40:42+00:00,1,incoming
TCtsFPf5a8xQNPETPWxHdxWcjfwRHSJY8d,1,0,"{""TRX"": ""0.000001""}",{},2026-02-11T04:27:06+00:00,2026-02-11T04:27:06+00:00,1,incoming
TCum1a1Y4rCEE3LQhfCSm9YtSrZrGwq6fT,1,0,"{""TRX"": ""88.888888""}",{},2026-03-20T05:56:21+00:00,2026-03-20T05:56:21+00:00,1,incoming
TCvAd7Z2cRuV9AZwiEEaqAApjQPZ2Bd4ms,1,0,"{""TRX"": ""0.000002""}",{},2026-06-25T04:34:24+00:00,2026-06-25T04:34:24+00:00,1,incoming
TCwHaiUv6Sf4AgYUqBtEsZ79GXR5WgcmpA,1,0,"{""TRX"": ""0.000008""}",{},2026-05-26T10:15:03+00:00,2026-05-26T10:15:03+00:00,1,incoming
TCxFxAZnVsPZRPYLR2y9BASFECLtdifkdL,1,0,"{""TRX"": ""88.888888""}",{},2026-05-14T08:43:00+00:00,2026-05-14T08:43:00+00:00,1,incoming
TCz1ykmwdzrm1ig2fxtX1AR9VfYQ55Doux,1,0,"{""TRX"": ""0.000001""}",{},2026-06-02T15:19:30+00:00,2026-06-02T15:19:30+00:00,1,incoming
TD1SjMgcC5YLGtd1SKqa3N7oEJwqwChGTu,0,1,{},"{""USDT"": ""3000""}",2026-02-02T13:06:39+00:00,2026-02-02T13:06:39+00:00,1,outgoing
TD3WdeLpEMUCmJeG6WhWo5yv2DpRc3rhL6,1,0,"{""TRX"": ""2.222222""}",{},2026-06-06T11:13:03+00:00,2026-06-06T11:13:03+00:00,1,incoming
TD67hB849xzN2ckZVtEgbKjWjZVXDVpnwY,0,1,{},"{""USDT"": ""2000""}",2026-05-10T09:02:57+00:00,2026-05-10T09:02:57+00:00,1,outgoing
TD7vkBLFogwMSgYRCN3tNRGN7JLHTvrV7N,1,0,"{""TRX"": ""0.000005""}",{},2026-07-10T17:24:42+00:00,2026-07-10T17:24:42+00:00,1,incoming
TDBsuPYTtfEHzMp8gefe1NNtasMztKqLjx,1,0,"{""TRX"": ""0.000005""}",{},2026-08-01T09:10:42+00:00,2026-08-01T09:10:42+00:00,1,incoming
TDHnTdw5Uar7ET4t1zrPVPMby9XfzW4atL,1,0,"{""TRX"": ""88.888888""}",{},2026-01-15T19:22:51+00:00,2026-01-15T19:22:51+00:00,1,incoming
TDLnGMnC9PxMQrRzYDj4GpFXvrRbQX5stN,1,0,"{""TRX"": ""0.000003""}",{},2026-07-14T11:53:48+00:00,2026-07-14T11:53:48+00:00,1,incoming
TDMCMFVWb4EbgrFiPb6dAY4fL3Ws2NAXpQ,1,0,"{""TRX"": ""0.000001""}",{},2026-03-12T23:53:54+00:00,2026-03-12T23:53:54+00:00,1,incoming
TDMynGnRWYsyXLvcmsYpxefinu7d4xPARz,1,0,"{""TRX"": ""0.000006""}",{},2026-08-02T09:54:42+00:00,2026-08-02T09:54:42+00:00,1,incoming
TDYtPbmWYRxx1wawUx4mJD1VEjxGUGvnRz,1,0,"{""TRX"": ""0.000002""}",{},2026-05-12T10:54:39+00:00,2026-05-12T10:54:39+00:00,1,incoming
TDaLZbTMa2f4FZr32mSreXiAQYGG1eWETu,1,0,"{""TRX"": ""0.000002""}",{},2026-02-02T13:17:00+00:00,2026-02-02T13:17:00+00:00,1,incoming
TDbDeywanYiimeX8tfMXD3z3T4PfHsRePd,1,0,"{""TRX"": ""0.000001""}",{},2026-02-11T04:22:18+00:00,2026-02-11T04:22:18+00:00,1,incoming
TDfzpB398qzexmGSoENirMSoXauuBioLAS,1,0,"{""TRX"": ""0.000002""}",{},2026-01-15T03:38:27+00:00,2026-01-15T03:38:27+00:00,1,incoming
TDgJQUjpdij2RVFZKYXZKco278MNtnvqjx,1,0,"{""USDT"": ""11122""}",{},2026-08-01T09:10:36+00:00,2026-08-01T09:10:36+00:00,1,incoming
TDhV45qKBa26nrELob8KkqFiD3dBNB61Fp,0,1,{},"{""USDT"": ""293.25""}",2026-04-30T14:10:06+00:00,2026-04-30T14:10:06+00:00,1,outgoing
TDiSqPdNsAo92AsdnFXvodmDVKbw6X1bR2,0,1,{},"{""USDT"": ""4000""}",2026-01-16T16:29:27+00:00,2026-01-16T16:29:27+00:00,1,outgoing
TDnEuL9yfoprjCySammeczSuF1CiFdJEkC,1,0,"{""TRX"": ""0.000006""}",{},2026-03-08T15:10:54+00:00,2026-03-08T15:10:54+00:00,1,incoming
TDorvbrv1exyB9cDEDkSRPunUNdVqo1qjx,1,0,"{""TRX"": ""0.000005""}",{},2026-08-01T09:13:24+00:00,2026-08-01T09:13:24+00:00,1,incoming
TDvxZ8DsbNqJyHyBUuuMjzrb1kEFVHnaCn,1,0,"{""TRX"": ""0.000002""}",{},2026-07-21T15:29:33+00:00,2026-07-21T15:29:33+00:00,1,incoming
TE8AiuPYguLGjRraeMHFbHcBUcae1BQddq,1,0,"{""USDT"": ""7050""}",{},2026-05-25T12:22:48+00:00,2026-05-25T12:22:48+00:00,1,incoming
TE8iKCzWsWjGNkW44VqarP6MsWvBy7YkFB,1,0,"{""TRX"": ""0.000008""}",{},2026-07-29T15:51:30+00:00,2026-07-29T15:51:30+00:00,1,incoming
TED5eHM8oqLK9m76UgziDnoKuZQHVT7hT1,1,0,"{""TRX"": ""0.000001""}",{},2026-06-13T14:43:21+00:00,2026-06-13T14:43:21+00:00,1,incoming
TEHrCu11HrYbujV9D33tVCCqRVhBB3DjNP,1,0,"{""TRX"": ""0.000002""}",{},2026-05-28T14:26:03+00:00,2026-05-28T14:26:03+00:00,1,incoming
TELBgaCU7HuCnP6k2eFntqeYWWj7DQWfLU,1,0,"{""TRX"": ""0.000002""}",{},2026-06-30T10:57:03+00:00,2026-06-30T10:57:03+00:00,1,incoming
TEQXwr2D3cjt5qz8Kq66ibX4dTEZUh6zXE,1,0,"{""TRX"": ""0.000004""}",{},2026-01-26T14:43:09+00:00,2026-01-26T14:43:09+00:00,1,incoming
TEWALd6V2mJbaFVaqve1PYCMq4j6wH1Z1b,1,0,"{""TRX"": ""0.000002""}",{},2026-03-03T07:02:39+00:00,2026-03-03T07:02:39+00:00,1,incoming
TEbcPuzFRu7A8MoF9py6Y3tHS4axwBQGVA,1,0,"{""TRX"": ""0.000001""}",{},2026-05-02T17:05:27+00:00,2026-05-02T17:05:27+00:00,1,incoming
TEdwn5JzioS9GjMbQd8GBjVG8hs9y2UHpA,1,0,"{""TRX"": ""0.000002""}",{},2026-05-20T14:08:00+00:00,2026-05-20T14:08:00+00:00,1,incoming
TEi9DvjejcndQfHPg43iwTXUUKHq4FZxRz,1,0,"{""TRX"": ""0.000003""}",{},2026-06-09T08:48:57+00:00,2026-06-09T08:48:57+00:00,1,incoming
TEyYftoBmq17SkLLqibYKpco4yUh7rKbRb,1,0,"{""TRX"": ""1.111111""}",{},2026-05-19T23:50:54+00:00,2026-05-19T23:50:54+00:00,1,incoming
TEyZkmN8TNBSm7sQnVYwQLiATutQqpudAS,1,0,"{""TRX"": ""0.000002""}",{},2026-01-13T12:34:51+00:00,2026-01-13T12:34:51+00:00,1,incoming
TF5WvfQXGfWmovKHRSRg25gabCCGpDU5sL,1,0,"{""TRX"": ""0.000002""}",{},2026-01-28T07:36:39+00:00,2026-01-28T07:36:39+00:00,1,incoming
TFA7xR8cee7Tp1rG8RSFUpiy1inJgs7TMJ,1,0,"{""TRX"": ""0.000002""}",{},2026-03-20T08:17:12+00:00,2026-03-20T08:17:12+00:00,1,incoming
TFBHVFRv4P8h9KR1t6dzvRXUHVi6oVM5Js,1,0,"{""TRX"": ""0.000001""}",{},2026-04-23T17:01:06+00:00,2026-04-23T17:01:06+00:00,1,incoming
TFBWxwSFYS4MkFb92GwYdZ3SMUNue1FuKZ,1,0,"{""TRX"": ""0.000004""}",{},2026-07-29T08:03:57+00:00,2026-07-29T08:03:57+00:00,1,incoming
TFCMJvTgNbXHY2CsDz5C83z5dM8UVZZddq,1,0,"{""TRX"": ""0.000002""}",{},2026-05-25T12:25:54+00:00,2026-05-25T12:25:54+00:00,1,incoming
TFDouArxTfUnPxa5oRCEZ7hTpVay7MbSWZ,1,0,"{""TRX"": ""0.000002""}",{},2026-06-06T10:55:09+00:00,2026-06-06T10:55:09+00:00,1,incoming
TFE15E1DmzRfcsxwUWBYGsXsth7Zh9biah,1,0,"{""TRX"": ""0.000001""}",{},2026-04-29T08:49:06+00:00,2026-04-29T08:49:06+00:00,1,incoming
TFEX3QuJFW2chgCR4bHBKsCRpx6HWCps4r,1,0,"{""TRX"": ""0.000002""}",{},2026-08-03T10:34:42+00:00,2026-08-03T10:34:42+00:00,1,incoming
TFHS3jRmRtJx4azkmm7FwwamLUxcmCHkNe,1,0,"{""TRX"": ""0.000007""}",{},2026-02-07T13:11:09+00:00,2026-02-07T13:11:09+00:00,1,incoming
TFLN4VDWBUmu8kUkXiCAGXRnNtQ7mLLdV8,1,0,"{""TRX"": ""0.000005""}",{},2026-06-03T17:50:48+00:00,2026-06-03T17:50:48+00:00,1,incoming
TFNEac7JZBYyeF9BD6CHxWNnvrQ1tppNvd,1,0,"{""TRX"": ""0.000001""}",{},2026-02-11T03:53:24+00:00,2026-02-11T03:53:24+00:00,1,incoming
TFNdF5yMAo4cbLKb4wd5WMBrG2KTLhpih4,1,0,"{""TRX"": ""0.000002""}",{},2026-06-28T06:40:33+00:00,2026-06-28T06:40:33+00:00,1,incoming
TFQyxK7gCFcFjMN87QVdMUbJFNZAPF5u7N,1,0,"{""TRX"": ""0.000001""}",{},2026-07-10T17:25:39+00:00,2026-07-10T17:25:39+00:00,1,incoming
TFTC1c27ZW2jmbtJYyt47sG58hxFf5JC1R,1,0,"{""TRX"": ""0.000001""}",{},2026-02-25T12:34:09+00:00,2026-02-25T12:34:09+00:00,1,incoming
TFVmG6qSyVrSyqHKcuhNpVwxp2pXMh3eWd,1,0,"{""TRX"": ""0.01""}",{},2026-03-14T00:42:30+00:00,2026-03-14T00:42:30+00:00,1,incoming
TFW1hVj3hVSCeYbnAjBBKr5Ko6LRM6qMHQ,1,0,"{""TRX"": ""0.000002""}",{},2026-07-11T09:16:09+00:00,2026-07-11T09:16:09+00:00,1,incoming
TFXZeAod2et3Wpb14QwNi4RXyabqY6fTXr,1,0,"{""TRX"": ""8.888888""}",{},2026-05-09T10:12:51+00:00,2026-05-09T10:12:51+00:00,1,incoming
TFfBLz2ZgqdNwLpXV1o7rEXiJMiPnZ1P6T,1,0,"{""TRX"": ""0.000005""}",{},2026-06-28T06:43:57+00:00,2026-06-28T06:43:57+00:00,1,incoming
TFjoqdNXjWLYSCd5cHwcrYi9ZgK1iaUA7G,1,0,"{""TRX"": ""711""}",{},2026-07-31T09:47:54+00:00,2026-07-31T09:47:54+00:00,1,incoming
TFoqEpL4jhhwoRoSrbEf9PmPzfeG1Ns1Zt,1,0,"{""TRX"": ""0.000003""}",{},2026-05-31T13:33:45+00:00,2026-05-31T13:33:45+00:00,1,incoming
TFuaugsrwq6Axr99GwcUDv8YnjQsyckuKZ,1,0,"{""TRX"": ""0.000001""}",{},2026-07-29T08:02:18+00:00,2026-07-29T08:02:18+00:00,1,incoming
TFw7EL6LisQsxFG7k4LWpoyXxgaQxDDZCA,1,0,"{""TRX"": ""0.000002""}",{},2026-05-30T13:23:57+00:00,2026-05-30T13:23:57+00:00,1,incoming
TG16CZ9w2F8u2faj52nNMqdfYYoPzCofLU,1,0,"{""TRX"": ""0.000003""}",{},2026-06-30T10:56:15+00:00,2026-06-30T10:56:15+00:00,1,incoming
TG31PLi9yYAXTHYBkn1hR6rLuEwt1TDsAS,1,0,"{""TRX"": ""0.000002""}",{},2026-01-18T10:45:54+00:00,2026-01-18T10:45:54+00:00,1,incoming
TG3KhhwqGBH6GVK51BHDrMdUptckknWirv,1,0,"{""TRX"": ""0.000002""}",{},2026-02-25T14:01:15+00:00,2026-02-25T14:01:15+00:00,1,incoming
TG3rZQj9KCGwqY7aT98kYkkk2aRyQMT6ug,1,0,"{""TRX"": ""888""}",{},2026-07-31T11:54:27+00:00,2026-07-31T11:54:27+00:00,1,incoming
TG6y8DxsErsddAqyDpqQQrxDjAPRkvpgn8,1,0,"{""TRX"": ""0.000001""}",{},2026-05-30T13:44:39+00:00,2026-05-30T13:44:39+00:00,1,incoming
TG7o33EqAJgLi3nKjT957ULfEbsPfTnm5n,1,0,"{""TRX"": ""0.000005""}",{},2026-07-25T07:18:03+00:00,2026-07-25T07:18:03+00:00,1,incoming
TGCviD88vEx4BRygZKkDstiB38pcKH64JL,1,0,"{""TRX"": ""0.000001""}",{},2026-02-15T03:34:45+00:00,2026-02-15T03:34:45+00:00,1,incoming
TGDWg4VedoHtBUdjRbRAPnwCMyCQYiZb3x,1,0,"{""TRX"": ""711.711""}",{},2026-05-17T12:30:09+00:00,2026-05-17T12:30:09+00:00,1,incoming
TGDcV9h7mUkRYrt6PhuTou6w9ttpAcq3cR,1,0,"{""TRX"": ""0.000001""}",{},2026-07-19T10:00:27+00:00,2026-07-19T10:00:27+00:00,1,incoming
TGLGMvbRFfJPSj69sCEyRyZfNBRmtmcgKZ,1,0,"{""TRX"": ""0.000009""}",{},2026-07-04T10:39:18+00:00,2026-07-04T10:39:18+00:00,1,incoming
TGWbZmW7W4G79jq6b8UZP6fqKN54siAiFB,0,1,{},"{""USDT"": ""6000""}",2026-07-29T15:51:18+00:00,2026-07-29T15:51:18+00:00,1,outgoing
TGXS8DfonACPyPMnB9QWMAm3YZe9smJ1LQ,0,1,{},"{""USDT"": ""2000""}",2026-07-09T10:39:54+00:00,2026-07-09T10:39:54+00:00,1,outgoing
TGazLAE7cWLxkmYadNERKnqKjXBQzP1trv,1,0,"{""TRX"": ""0.000002""}",{},2026-04-01T08:37:09+00:00,2026-04-01T08:37:09+00:00,1,incoming
TGdYsRfH1aE4RPsAtvvSeU4pup9uN7Qomj,1,0,"{""TRX"": ""711.711""}",{},2026-06-06T17:17:48+00:00,2026-06-06T17:17:48+00:00,1,incoming
TGeBkuh85gMqyeDDqA5FjEd97TLWnpeXFk,0,1,{},"{""USDT"": ""66""}",2026-02-26T09:24:51+00:00,2026-02-26T09:24:51+00:00,1,outgoing
TGoEKCxHNdodN6ykr1FsaFwUFYAogHBkNe,1,0,"{""TRX"": ""0.000004""}",{},2026-02-14T17:17:09+00:00,2026-02-14T17:17:09+00:00,1,incoming
TGsWXoS5zYH3H12RvKr8BtjSPG56iPx8CA,1,0,"{""TRX"": ""0.000002""}",{},2026-06-04T15:54:42+00:00,2026-06-04T15:54:42+00:00,1,incoming
TGub1vQLnJkdhoa7J8GscxWeR1YNbDe3GQ,1,0,"{""TRX"": ""0.000001""}",{},2026-07-24T12:44:36+00:00,2026-07-24T12:44:36+00:00,1,incoming
TGx1jhui8QJMrhS5JEk53nY8F5ce7yzK4r,1,0,"{""TRX"": ""0.000005""}",{},2026-06-06T17:17:51+00:00,2026-06-06T17:17:51+00:00,1,incoming
TGx9R3yB3qjgZqytugadPt357c12xhQPMJ,1,0,"{""TRX"": ""0.000003""}",{},2026-06-26T07:00:45+00:00,2026-06-26T07:00:45+00:00,1,incoming
TGxvFv9B4NbxX6RJNU1AWbf9FhoQgTw5NP,1,0,"{""TRX"": ""0.000001""}",{},2026-05-22T13:13:00+00:00,2026-05-22T13:13:00+00:00,1,incoming
TH1HtibNd8EXjb2UoTznZCSudcANtRfsBr,0,1,{},"{""USDT"": ""2500""}",2026-07-17T10:59:57+00:00,2026-07-17T10:59:57+00:00,1,outgoing
TH5o3k32Logwahvzt6h9hWJRqxjCkB1y2f,1,0,"{""TRX"": ""0.000003""}",{},2026-08-03T03:58:27+00:00,2026-08-03T03:58:27+00:00,1,incoming
TH7Df2rFY7cHkoRMzbspc8rSq6g61YRLis,1,0,"{""TRX"": ""0.000002""}",{},2026-03-10T06:41:45+00:00,2026-03-10T06:41:45+00:00,1,incoming
TH7rLedCPXoqj5eUHtDDLcR5aedyAFwfcR,1,0,"{""TRX"": ""0.000001""}",{},2026-07-15T09:08:09+00:00,2026-07-15T09:08:09+00:00,1,incoming
TH8jCsVv6DDvA59Zu31kU911h9k8Ta1imf,1,0,"{""TRX"": ""0.000003""}",{},2026-07-03T05:18:18+00:00,2026-07-03T05:18:18+00:00,1,incoming
TH9t1UAQBKZb54J318rkgaDsyNHQfQBDRz,1,0,"{""TRX"": ""0.000004""}",{},2026-07-31T11:55:18+00:00,2026-07-31T11:55:18+00:00,1,incoming
THBSo7rLzqK7uLL8T6RKUyRyPZWLTUjwsR,1,0,"{""TRX"": ""0.000001""}",{},2026-02-06T08:28:15+00:00,2026-02-06T08:28:15+00:00,1,incoming
THBVwggKSbQKjJi9o5YaZcPDFtYFHX3Frv,1,0,"{""TRX"": ""0.000002""}",{},2026-03-13T09:29:18+00:00,2026-03-13T09:29:18+00:00,1,incoming
THCJwtXJHZrN94JBjDiSyxo5cGZzHpDrKZ,1,0,"{""TRX"": ""0.000002""}",{},2026-07-21T15:30:12+00:00,2026-07-21T15:30:12+00:00,1,incoming
THHhNUxqanKFAXmjjPGLBpPLK2KYXR9YVv,1,0,"{""TRX"": ""996""}",{},2026-02-10T13:11:21+00:00,2026-02-10T13:11:21+00:00,1,incoming
THJByQpYFr4qf9k5kVGkEYUR4dtLj9WUkQ,1,0,"{""TRX"": ""0.000002""}",{},2026-05-28T15:23:00+00:00,2026-05-28T15:23:00+00:00,1,incoming
THKBRCcxuCpmi24pyBb8UGbgH9sn3UTNah,1,0,"{""TRX"": ""0.000002""}",{},2026-04-24T05:21:39+00:00,2026-04-24T05:21:39+00:00,1,incoming
THLA11TxumzPfTzNe5BZCkHTaXzS284b2A,0,1,{},"{""USDT"": ""2000""}",2026-01-16T09:22:57+00:00,2026-01-16T09:22:57+00:00,1,outgoing
THPTsGVszsG8n7KWsSqzZsDGRNrGfVxYaZ,1,0,"{""TRX"": ""0.000001""}",{},2026-01-21T02:10:21+00:00,2026-01-21T02:10:21+00:00,1,incoming
THPfBfKoKruLikod3wg9kJdbAHaGceGj4r,1,0,"{""TRX"": ""0.000006""}",{},2026-06-12T10:25:09+00:00,2026-06-12T10:25:09+00:00,1,incoming
THWmnsZvUM1aUicqtHmcur2t1arq4RQJcR,1,0,"{""TRX"": ""0.000006""}",{},2026-07-05T08:36:00+00:00,2026-07-05T08:36:00+00:00,1,incoming
THXanVhxAywi9ouoBVUK5JBJKxqgA1Evms,1,0,"{""TRX"": ""0.000002""}",{},2026-05-11T08:44:03+00:00,2026-05-11T08:44:03+00:00,1,incoming
THgN5EEJojSo5H9a8RmkNsMYiAo6MSB2pd,1,0,"{""TRX"": ""0.000001""}",{},2026-02-11T04:31:48+00:00,2026-02-11T04:31:48+00:00,1,incoming
THgUNUiTDfp1UrfFqGVDcM2xujwzXFxJzv,1,0,"{""TRX"": ""0.000008""}",{},2026-07-21T14:42:36+00:00,2026-07-21T14:42:36+00:00,1,incoming
THo4i9avN1NQw8hhZBcVwB8nPjvqJ1FnQR,0,1,{},"{""USDT"": ""500""}",2026-04-01T11:05:06+00:00,2026-04-01T11:05:06+00:00,1,outgoing
THpM1V3tmBdwymtPDspCjT2ifKWhLeJypQ,1,0,"{""TRX"": ""0.000006""}",{},2026-06-02T14:14:57+00:00,2026-06-02T14:14:57+00:00,1,incoming
THqvrewpC25CQzuBUmTbPqNLYEbXMh3eWd,1,0,"{""TRX"": ""0.000003""}",{},2026-01-21T11:51:45+00:00,2026-01-21T11:51:45+00:00,1,incoming
THunDujtmh3zAR475HFDGiNoXddp6kiwmf,1,0,"{""TRX"": ""0.000001""}",{},2026-07-11T09:16:12+00:00,2026-07-11T09:16:12+00:00,1,incoming
TJ1tQh5M7WNMYhYPRHuWamJSX3GMG1cFvB,0,1,{},"{""USDT"": ""1500""}",2026-02-06T14:45:03+00:00,2026-02-06T14:45:03+00:00,1,outgoing
TJ583hL4u5va3j7nKA4ynfvV8uQdwpxyKZ,1,0,"{""TRX"": ""0.000002""}",{},2026-07-13T07:17:18+00:00,2026-07-13T07:17:18+00:00,1,incoming
TJB52CCPskrfGC2VpNefzvrHCVENgdxQxr,1,0,"{""TRX"": ""0.000002""}",{},2026-07-04T07:48:06+00:00,2026-07-04T07:48:06+00:00,1,incoming
TJBA34jyjTTrpaMP2p7zneKtCGW7xmmJYm,1,0,"{""TRX"": ""0.000001""}",{},2026-05-11T08:44:51+00:00,2026-05-11T08:44:51+00:00,1,incoming
TJDEDpm3PVJjkoT4NLVtmQELGP8PUNNZ1b,0,1,{},"{""USDT"": ""3000""}",2026-03-03T06:59:24+00:00,2026-03-03T06:59:24+00:00,1,outgoing
TJEey3hUkb5S4f449jw1i53WEgujk8mpms,1,0,"{""TRX"": ""0.000002""}",{},2026-01-31T07:58:12+00:00,2026-01-31T07:58:12+00:00,1,incoming
TJGr6FBap38ZEzjtkFMcH44BeFGbMTAw6Q,1,0,"{""TRX"": ""0.000001""}",{},2026-07-24T12:43:51+00:00,2026-07-24T12:43:51+00:00,1,incoming
TJHrowmxGVnZRDoUc8ktTqu3xXUBPinnV8,1,0,"{""TRX"": ""0.000008""}",{},2026-05-30T13:21:48+00:00,2026-05-30T13:21:48+00:00,1,incoming
TJLnAdkug1RufcNJwqLNXxEPQiHAHpMeWd,1,0,"{""TRX"": ""0.000001""}",{},2026-01-08T10:44:00+00:00,2026-01-08T10:44:00+00:00,1,incoming
TJMjshAW831pN7s7oNrER3QC56JMtwzims,1,0,"{""TRX"": ""0.000004""}",{},2026-06-19T12:14:12+00:00,2026-06-19T12:14:12+00:00,1,incoming
TJNBXqL5wAv99ehWBK1xTW9qxu67AKKFid,1,0,"{""TRX"": ""0.000006""}",{},2026-07-25T07:16:09+00:00,2026-07-25T07:16:09+00:00,1,incoming
TJQ8fHtyDKk5qY6Ewoc6E538ywRSTjpZNP,1,0,"{""TRX"": ""0.000001""}",{},2026-03-11T14:03:18+00:00,2026-03-11T14:03:18+00:00,1,incoming
TJRDX3FJQAAozGCxDgWzGoLVGhbTyHUc1C,1,0,"{""TRX"": ""711.711""}",{},2026-06-09T04:59:00+00:00,2026-06-09T04:59:00+00:00,1,incoming
TJRt5xRh9c9KSGvMVm3KHHa5KrH4jGwy2f,1,0,"{""TRX"": ""0.000003""}",{},2026-08-03T03:56:15+00:00,2026-08-03T03:56:15+00:00,1,incoming
TJZfxtqwwjAhJKcdrQCfpnnnr8kowB1uHQ,1,0,"{""TRX"": ""0.000002""}",{},2026-05-27T13:56:06+00:00,2026-05-27T13:56:06+00:00,1,incoming
TJaSpKrnWCyuodKwMQXoNM1crryzm4Tfxg,1,0,"{""TRX"": ""0.000002""}",{},2026-02-10T14:47:15+00:00,2026-02-10T14:47:15+00:00,1,incoming
TJaxAydpzQmXr1rqFyGeHom3GpqjrNGLVT,1,0,"{""TRX"": ""0.000001""}",{},2026-04-23T04:51:57+00:00,2026-04-23T04:51:57+00:00,1,incoming
TJcpqtqSWWMXBUPS2zhQVj5NFjTrjgCNCd,1,0,"{""TRX"": ""0.000001""}",{},2026-01-27T04:26:06+00:00,2026-01-27T04:26:06+00:00,1,incoming
TJf4A85UpYp8BzVLL1fKTKt4fLna4JRFms,1,0,"{""TRX"": ""0.000002""}",{},2026-06-09T08:50:27+00:00,2026-06-09T08:50:27+00:00,1,incoming
TJio1tJcLnRhiVHg3NgQ3xLBcyPdcQyTDV,1,0,"{""TRX"": ""7.11""}",{},2026-07-31T09:47:42+00:00,2026-07-31T09:47:42+00:00,1,incoming
TJmzUJzoBay3iFMWy5xda9CDhzC7B61yms,1,0,"{""TRX"": ""0.000008""}",{},2026-06-19T12:09:12+00:00,2026-06-19T12:09:12+00:00,1,incoming
TJpj6PUwVtAJNKcVUorsY2jGFtZmMQmSWe,1,0,"{""TRX"": ""888""}",{},2026-07-19T09:59:27+00:00,2026-07-19T09:59:27+00:00,1,incoming
TJqwA7SoZnERE4zW5uDEiPkbz4B66h9TFj,1,0,"{""USDT"": ""322.985136""}",{},2026-02-24T04:21:54+00:00,2026-02-24T04:21:54+00:00,1,incoming
TJwp8Jih4uPBwP4XbUsCmdHRXy72o4d67N,1,0,"{""TRX"": ""0.000002""}",{},2026-06-25T04:37:51+00:00,2026-06-25T04:37:51+00:00,1,incoming
TJxLyWkds7LqFnkJAxDCVqXVHaNA4H2G6Q,1,0,"{""TRX"": ""0.000002""}",{},2026-07-31T09:46:45+00:00,2026-07-31T09:46:45+00:00,1,incoming
TJxRCjruTiUEMi5jxBvDq8vVTxsAFJyUh4,1,0,"{""TRX"": ""0.000002""}",{},2026-06-13T14:43:36+00:00,2026-06-13T14:43:36+00:00,1,incoming
TK1oqXuwECUYvBUeUueESYZcAG4ZB8p5sL,1,0,"{""TRX"": ""0.000007""}",{},2026-01-28T07:38:18+00:00,2026-01-28T07:38:18+00:00,1,incoming
TK43hEVfcD9ovMnhbbdVwYRtT9VFUrVWid,1,0,"{""TRX"": ""0.000001""}",{},2026-07-25T07:16:48+00:00,2026-07-25T07:16:48+00:00,1,incoming
TK6WDAKmcUDwnRAwfgJJVpYTRtQ3AwV95n,1,0,"{""TRX"": ""0.000002""}",{},2026-05-06T15:57:18+00:00,2026-05-06T15:57:18+00:00,1,incoming
TK78nGbsRKeTCLSVKvdq1LG4GfKjcoEcRz,1,0,"{""TRX"": ""0.000001""}",{},2026-06-09T08:49:57+00:00,2026-06-09T08:49:57+00:00,1,incoming
TK7FyEKmYsdQvjxj7uBMqJVDk5EuuK5fxg,0,1,{},"{""USDT"": ""5000""}",2026-02-10T14:45:45+00:00,2026-02-10T14:45:45+00:00,1,outgoing
TK8r9u1wH5KrSZYmE6d5cS7CPdLNG83nCn,1,0,"{""TRX"": ""0.000003""}",{},2026-04-07T08:09:06+00:00,2026-04-07T08:09:06+00:00,1,incoming
TK92KYQ5L8p2cPsAHbjGEHiLGbz6EhzhDX,1,0,"{""TRX"": ""0.000002""}",{},2026-03-03T10:15:51+00:00,2026-03-03T10:15:51+00:00,1,incoming
TKDvrh2LLj6ummwPu9BBQEeaPeRM2GSK2h,1,0,"{""TRX"": ""0.000001""}",{},2026-03-02T15:46:39+00:00,2026-03-02T15:46:39+00:00,1,incoming
TKHjKc9kr7mx1p5rAUb5iS2oeAoDMuEHuw,1,0,"{""TRX"": ""0.000009""}",{},2026-04-23T04:51:24+00:00,2026-04-23T04:51:24+00:00,1,incoming
TKQNcbT4d3C4DH6VDQEzAPdZKvJaNTddRz,1,0,"{""TRX"": ""0.000002""}",{},2026-07-31T11:55:18+00:00,2026-07-31T11:55:18+00:00,1,incoming
TKRMBG7v2YBL37WfgniQ85ehPBeEnBHNKd,1,0,"{""TRX"": ""0.000001""}",{},2026-01-29T03:37:57+00:00,2026-01-29T03:37:57+00:00,1,incoming
TKRj6xp5HQd3VVZmqWgs481bAJJVJp7rWd,1,0,"{""TRX"": ""0.000001""}",{},2026-02-11T03:41:36+00:00,2026-02-11T03:41:36+00:00,1,incoming
TKUoSG4U9eoFHi4dfUt9mFmN4o8AHY86An,0,1,{},"{""USDT"": ""1600""}",2026-07-06T12:24:36+00:00,2026-07-06T12:24:36+00:00,1,outgoing
TKVviEAdZgdGvSCRWAmVzM3QAdmXUtxAZt,1,0,"{""TRX"": ""0.000007""}",{},2026-06-07T14:21:09+00:00,2026-06-07T14:21:09+00:00,1,incoming
TKYTyBVUuze9Jmn1UJCooua94qmjsSDrjQ,1,0,"{""TRX"": ""0.000006""}",{},2026-07-29T08:02:48+00:00,2026-07-29T08:02:48+00:00,1,incoming
TKYaKDT25MNGET7KheCHvNtQhcyixHgJHQ,1,0,"{""TRX"": ""0.000003""}",{},2026-06-07T18:04:06+00:00,2026-06-07T18:04:06+00:00,1,incoming
TKgPTiwvGremZxTApHDW2RSGYEZdoWA97N,1,0,"{""TRX"": ""0.000002""}",{},2026-06-25T04:38:33+00:00,2026-06-25T04:38:33+00:00,1,incoming
TKgpLnv8Ky4hP3p9qiPWw4HtYKC3Va9mRh,1,0,"{""TRX"": ""0.000002""}",{},2026-02-20T16:41:24+00:00,2026-02-20T16:41:24+00:00,1,incoming
TKhLackoJsAGRTUjWWswWRikXJMsMc6AMJ,1,0,"{""TRX"": ""0.000002""}",{},2026-07-10T17:25:39+00:00,2026-07-10T17:25:39+00:00,1,incoming
TKhrNv58ysmczEFJ3wdeyV6cFTUY5ZE3pA,1,0,"{""TRX"": ""0.000002""}",{},2026-06-09T16:10:24+00:00,2026-06-09T16:10:24+00:00,1,incoming
TKmQyyq1t4u5QtsFhUMePfBGMyEoTq1wvx,1,0,"{""TRX"": ""0.000002""}",{},2026-02-15T03:34:54+00:00,2026-02-15T03:34:54+00:00,1,incoming
TKpJN5dtxBRZG1VfbEoPR2LLiyDjJZ6R2h,1,0,"{""USDT"": ""15625""}",{},2026-03-02T15:46:30+00:00,2026-03-02T15:46:30+00:00,1,incoming
TKpXKCV12ECUXmLdL57eycfeG1UyzV9AUY,1,0,"{""TRX"": ""138.138""}",{},2026-06-30T10:56:00+00:00,2026-06-30T10:56:00+00:00,1,incoming
TKq3zCGTedP1mSymRAEZypZCDy3rcJd24r,1,0,"{""TRX"": ""0.000007""}",{},2026-06-21T13:16:00+00:00,2026-06-21T13:16:00+00:00,1,incoming
TKs7Ba6XSuBpKeNSYQ8rCS5mhoNpCxpVrv,1,0,"{""TRX"": ""0.000006""}",{},2026-01-13T14:42:30+00:00,2026-01-13T14:42:30+00:00,1,incoming
TLCCwz95CfWfxBuig3RmVMfyLg5XMh3eWd,1,0,"{""TRX"": ""0.04""}",{},2026-06-10T00:59:54+00:00,2026-06-10T00:59:54+00:00,1,incoming
TLEBWoja993Zvk4KvjvnxVWNq786DfAqxr,1,0,"{""TRX"": ""0.000002""}",{},2026-02-20T07:12:39+00:00,2026-02-20T07:12:39+00:00,1,incoming
TLEyeGKLNks7QqyV5FVBBWi7hrRtgRKoV8,1,0,"{""TRX"": ""0.000002""}",{},2026-02-07T13:12:15+00:00,2026-02-07T13:12:15+00:00,1,incoming
TLLXX5tXwx83oo1g5cTNcwFARQNd4cZe5n,1,0,"{""TRX"": ""0.000004""}",{},2026-07-25T07:19:09+00:00,2026-07-25T07:19:09+00:00,1,incoming
TLRM4dT5DyRMBfAkjswcHz5eB6j8ZDcgJd,1,0,"{""TRX"": ""0.000001""}",{},2026-01-27T04:12:30+00:00,2026-01-27T04:12:30+00:00,1,incoming
TLbwJbHnkMiu8EBsKe5d2VynkiG2N1aGWG,1,0,"{""TRX"": ""0.000001""}",{},2026-01-10T03:09:51+00:00,2026-01-10T03:09:51+00:00,1,incoming
TLeD34MPb9PVH6ACDrpeJ82MJhQetE6Za3,1,0,"{""TRX"": ""0.000002""}",{},2026-06-22T14:06:51+00:00,2026-06-22T14:06:51+00:00,1,incoming
TLfTUkZkqGSDoXu8yc7KckPjtu1SaqdDKT,1,0,"{""TRX"": ""0.000001""}",{},2026-04-30T14:11:12+00:00,2026-04-30T14:11:12+00:00,1,incoming
TLiqQTgTomkmxFw9NhLuXytR1fkDK4DLxr,1,0,"{""TRX"": ""0.000002""}",{},2026-03-08T04:05:33+00:00,2026-03-08T04:05:33+00:00,1,incoming
TLjWvttZQNFr11mnVBJiz7odjsGK6FzFou,0,1,{},"{""USDT"": ""1000""}",2026-02-02T07:34:18+00:00,2026-02-02T07:34:18+00:00,1,outgoing
TLm6SpxSh13zjAsPvDHqT2cgxLdMtRNApA,1,0,"{""TRX"": ""0.000004""}",{},2026-05-14T11:24:45+00:00,2026-05-14T11:24:45+00:00,1,incoming
TLsSBXX5bWrDYgk24pBDEF7cbwbSa1tuCk,0,1,{},"{""USDT"": ""6000""}",2026-04-18T14:44:21+00:00,2026-04-18T14:44:21+00:00,1,outgoing
TLtq3rdj7LGXBnVSJV3dXopb6qzPBo37ms,1,0,"{""TRX"": ""0.000002""}",{},2026-05-14T11:10:18+00:00,2026-05-14T11:10:18+00:00,1,incoming
TM451raGtXcqyLcxcfkFxJHfYCUqBhsBHQ,1,0,"{""TRX"": ""0.000003""}",{},2026-06-07T18:05:06+00:00,2026-06-07T18:05:06+00:00,1,incoming
TM4GQC2kPQPKHRCavDQSYBh8GP1LxxwSPa,1,0,"{""TRX"": ""0.000001""}",{},2026-05-04T15:40:36+00:00,2026-05-04T15:40:36+00:00,1,incoming
TM6UmCCsfRDQqyhnoDo6Tj4YricLuZjFB1,1,0,"{""0597 COM"": ""0.000097""}",{},2026-01-09T11:42:18+00:00,2026-01-09T11:42:18+00:00,1,incoming
TMAK24xpC7bh2vipDPfrFj52GsyrTcLLAS,1,0,"{""TRX"": ""0.000006""}",{},2026-01-06T13:57:06+00:00,2026-01-06T13:57:06+00:00,1,incoming
TMBTrcstVZkx7TX1dochNooSKqWVWvFvUH,1,0,"{""TRX"": ""0.000002""}",{},2026-02-16T08:44:09+00:00,2026-02-16T08:44:09+00:00,1,incoming
TMBXaRzksSJ52Sz5xSNRGPDFrdKpAvqQXC,1,0,"{""TRX"": ""0.000002""}",{},2026-02-12T18:26:54+00:00,2026-02-12T18:26:54+00:00,1,incoming
TMF2Nu8qV7fdvidzmpCoDYhiQ4MoVpwDHQ,1,0,"{""TRX"": ""0.000002""}",{},2026-06-07T18:04:09+00:00,2026-06-07T18:04:09+00:00,1,incoming
TMPFA7cPsXd3QWhEDQyCu8N89vCxXi5jDR,1,0,"{""TRX"": ""138.138""}",{},2026-05-14T11:10:09+00:00,2026-05-14T11:10:09+00:00,1,incoming
TMQaE4T3CeoT3JMxEv9Ar1ZavUhTmVRH6Q,1,0,"{""TRX"": ""0.000009""}",{},2026-06-18T11:20:09+00:00,2026-06-18T11:20:09+00:00,1,incoming
TMR1BLfSjc7FvTJaKdQftvUKuZ8qDmcnCn,1,0,"{""TRX"": ""0.000002""}",{},2026-07-13T07:20:15+00:00,2026-07-13T07:20:15+00:00,1,incoming
TMSQK8N5ibXpuR2bRY5YXKNarvDWQrZqqh,1,0,"{""TRX"": ""0.000004""}",{},2026-07-08T11:00:03+00:00,2026-07-08T11:00:03+00:00,1,incoming
TMSjGBFznckyUVM2Mygx7LrkN6fBXhVo4r,1,0,"{""TRX"": ""0.000008""}",{},2026-06-09T04:59:03+00:00,2026-06-09T04:59:03+00:00,1,incoming
TMUf4GmFnnb2fd17FULGHMNRmU8S6n4JxN,1,0,"{""TRX"": ""0.000006""}",{},2026-04-06T06:35:15+00:00,2026-04-06T06:35:15+00:00,1,incoming
TMVnBcXVHzVum6bdCpWmcW6S3akhSUu9Rz,1,0,"{""TRX"": ""0.000002""}",{},2026-05-31T14:04:15+00:00,2026-05-31T14:04:15+00:00,1,incoming
TMWez8yvxtPJUc2t9dqfm6juNmEBM64Huw,0,1,{},"{""USDT"": ""4000""}",2026-04-23T04:49:12+00:00,2026-04-23T04:49:12+00:00,1,outgoing
TMWpMUxdjK64dUbpYoQGPvwAvmnw6XCNms,1,0,"{""TRX"": ""0.000002""}",{},2026-06-13T10:31:00+00:00,2026-06-13T10:31:00+00:00,1,incoming
TMXfW6vi7cF5mU8E4pwi2xV8H7REDajNa3,1,0,"{""TRX"": ""0.000002""}",{},2026-07-05T10:24:51+00:00,2026-07-05T10:24:51+00:00,1,incoming
TMgoDxTViKxrYjwwhURAw9noJs9kqAm7mY,0,1,{},"{""USDT"": ""1000""}",2026-02-16T11:16:03+00:00,2026-02-16T11:16:03+00:00,1,outgoing
TMmqKsLim16XEw4DLaFcRLuuTEqQKc361p,1,0,"{""TRX"": ""0.000001""}",{},2026-05-06T15:57:12+00:00,2026-05-06T15:57:12+00:00,1,incoming
TMnakJq8FpX73KJstBPPw5WzxNA8TxTEV8,1,0,"{""TRX"": ""0.000001""}",{},2026-06-03T17:41:12+00:00,2026-06-03T17:41:12+00:00,1,incoming
TMpCh3qf9HCLpYZk6Zxwf2gXTaLJ5oWiah,1,0,"{""TRX"": ""0.000001""}",{},2026-04-24T05:22:24+00:00,2026-04-24T05:22:24+00:00,1,incoming
TMpXRLo8UJs7vmaBhPN2davaRjAbBe5Ga3,1,0,"{""TRX"": ""0.000002""}",{},2026-06-22T14:07:09+00:00,2026-06-22T14:07:09+00:00,1,incoming
TMrh1REA1e85aX45ER8cqGdzfVvghMeJmY,1,0,"{""TRX"": ""0.000002""}",{},2026-02-16T11:16:21+00:00,2026-02-16T11:16:21+00:00,1,incoming
TMsdPX7P7wAnPHZvEcZ8zme1rB77YxVvUH,1,0,"{""TRX"": ""0.000003""}",{},2026-02-16T08:45:18+00:00,2026-02-16T08:45:18+00:00,1,incoming
TMtWPGzMJhAGkQraFiEEsDbfDLEgEY7sMJ,1,0,"{""TRX"": ""0.000001""}",{},2026-06-26T07:01:42+00:00,2026-06-26T07:01:42+00:00,1,incoming
TMuHvWCoj68JdBr1Fk1M3FY6QFiqPNk2xJ,1,0,"{""TRX"": ""0.000001""}",{},2026-07-03T05:16:03+00:00,2026-07-03T05:16:03+00:00,1,incoming
TMuNKxobwgiwecfUBWDekQrVyVizhzXGMJ,1,0,"{""TRX"": ""0.000002""}",{},2026-05-22T14:03:09+00:00,2026-05-22T14:03:09+00:00,1,incoming
TMuRa4mCfQLY1ReEyeXQMA6urhZkr7WEAs,1,0,"{""TRX"": ""0.000001""}",{},2026-05-03T10:35:09+00:00,2026-05-03T10:35:09+00:00,1,incoming
TN75yF7xFrcivmdTNw2fupNMqZMAMB52Xs,1,0,"{""TRX"": ""0.000001""}",{},2026-06-05T16:51:03+00:00,2026-06-05T16:51:03+00:00,1,incoming
TN7Vtj2iwHMn9g1pcNe6zDzVdj21iMfXms,1,0,"{""TRX"": ""0.000001""}",{},2026-06-13T10:31:42+00:00,2026-06-13T10:31:42+00:00,1,incoming
TN9uTPwejtowwjrqGNo2KdVk1aJWYiayKd,1,0,"{""TRX"": ""0.000001""}",{},2026-01-27T04:35:42+00:00,2026-01-27T04:35:42+00:00,1,incoming
TNBsCDAqyiXqt68JGMuP3GKojr7d7S8PpQ,1,0,"{""TRX"": ""0.000008""}",{},2026-05-24T13:49:18+00:00,2026-05-24T13:49:18+00:00,1,incoming
TNBtX8YgcyFmZqCssBzWU36VxcNGCfaZzv,1,0,"{""TRX"": ""0.000009""}",{},2026-07-17T14:48:15+00:00,2026-07-17T14:48:15+00:00,1,incoming
TNCyCAFZVMtj26kVoaSwDQpWikPCEok3Ge,1,0,"{""TRX"": ""0.000002""}",{},2026-01-14T06:26:03+00:00,2026-01-14T06:26:03+00:00,1,incoming
TNSMqW7iKN55oyJkN7eizpv1PDobd2GmpA,1,0,"{""TRX"": ""0.000007""}",{},2026-07-16T10:28:30+00:00,2026-07-16T10:28:30+00:00,1,incoming
TNT8aqpzX6remo7JEj7w9jBGmMABGiUw6Q,1,0,"{""TRX"": ""0.000004""}",{},2026-07-24T12:45:33+00:00,2026-07-24T12:45:33+00:00,1,incoming
TNYPDC565d3f4PL1nLD9hLJc91QCPLy6AE,1,0,"{""TRX"": ""4444.444444""}",{},2026-05-25T14:46:54+00:00,2026-05-25T14:46:54+00:00,1,incoming
TNYpCPPfEf6GBhG1nQAy2M2DcszBJd5Frv,1,0,"{""TRX"": ""0.000001""}",{},2026-01-21T02:09:24+00:00,2026-01-21T02:09:24+00:00,1,incoming
TNhREScFnxnyEU9dFLsH4MihXnWNQqo8CA,1,0,"{""TRX"": ""0.000002""}",{},2026-03-13T15:13:27+00:00,2026-03-13T15:13:27+00:00,1,incoming
TNo6t3oyRUc2syHXR4EnKJFXFtX1F3WfLU,0,1,{},"{""USDT"": ""500""}",2026-06-30T10:55:57+00:00,2026-06-30T10:55:57+00:00,1,outgoing
TNoczFvVBNArzx3v4prvbXwLAZAJpdtNpQ,1,0,"{""TRX"": ""0.000006""}",{},2026-05-12T10:23:09+00:00,2026-05-12T10:23:09+00:00,1,incoming
TNpCxgpyXmt1ufWLeVRazwkHdHbsb8fuES,0,1,{},"{""USDT"": ""500""}",2026-07-15T10:38:48+00:00,2026-07-15T10:38:48+00:00,1,outgoing
TNsvg992crfoKS8xnrFLSEdt42Jbk6Vhxr,1,0,"{""TRX"": ""0.000003""}",{},2026-03-21T08:59:06+00:00,2026-03-21T08:59:06+00:00,1,incoming
TNt6W6ftiBteXrEcrc5s885VTfAzfX8cpd,1,0,"{""TRX"": ""0.000001""}",{},2026-02-11T03:48:42+00:00,2026-02-11T03:48:42+00:00,1,incoming
TNxvMBa81cvHt4GcRrwjm58RBUJdqR93C9,1,0,"{""TRX"": ""0.01""}",{},2026-01-13T09:45:42+00:00,2026-01-13T09:45:42+00:00,1,incoming
TNytZnaQZDNbMGqSvw1ysdJKpexpsjd97N,1,0,"{""TRX"": ""0.000006""}",{},2026-07-05T16:16:33+00:00,2026-07-05T16:16:33+00:00,1,incoming
TP4HNfxMWMBnWeruZrfkpsLGM2W3szKc4r,1,0,"{""TRX"": ""0.000006""}",{},2026-06-27T11:45:51+00:00,2026-06-27T11:45:51+00:00,1,incoming
TP5px5ugU2NhLLVW2o4Qjurtjoeb2uWvKa,1,0,"{""TRX"": ""0.000002""}",{},2026-01-24T03:20:33+00:00,2026-01-24T03:20:33+00:00,1,incoming
TP9kFaB8NwRYmMfJ6STzRZf8iGZQnfa3Ka,1,0,"{""TRX"": ""0.000001""}",{},2026-01-24T23:13:00+00:00,2026-01-24T23:13:00+00:00,1,incoming
TPABNLXoHKLExLoxBTVtv7UMhaTu58anMJ,1,0,"{""TRX"": ""0.000002""}",{},2026-01-20T13:57:03+00:00,2026-01-20T13:57:03+00:00,1,incoming
TPAfgPDiw2MmBWi2sw1wWxRuK5dNwL5URz,1,0,"{""TRX"": ""0.000002""}",{},2026-06-02T15:21:39+00:00,2026-06-02T15:21:39+00:00,1,incoming
TPBCxezfd85a95sjQmgPgwAxPZUcaJ3Upa,1,0,"{""TRX"": ""0.000004""}",{},2026-07-31T12:32:06+00:00,2026-07-31T12:32:06+00:00,1,incoming
TPBLpHLjtiLPd9wm7VJQDNUP3tGExf4Xqv,0,1,{},"{""USDT"": ""1500""}",2026-01-13T13:53:00+00:00,2026-01-13T13:53:00+00:00,1,outgoing
TPCQ193ix57TvjdP3HyHXUeM8m65mAYpZt,1,0,"{""TRX"": ""0.000006""}",{},2026-06-05T15:27:45+00:00,2026-06-05T15:27:45+00:00,1,incoming
TPEMExcwDmATx1MVViQh7Eg1Za4Wxp5B7N,1,0,"{""TRX"": ""0.000002""}",{},2026-07-05T16:14:39+00:00,2026-07-05T16:14:39+00:00,1,incoming
TPJLytBqa4BcX9986t9eAFsPn9pibnMzXE,1,0,"{""TRX"": ""0.000005""}",{},2026-01-26T14:40:42+00:00,2026-01-26T14:40:42+00:00,1,incoming
TPNSEFC6Ro9Nci3Gn5kG7iaQspWanQ23Wd,1,0,"{""TRX"": ""0.000001""}",{},2026-02-11T03:41:09+00:00,2026-02-11T03:41:09+00:00,1,incoming
TPPUJKJHRvFoyyueZ5Qvy7tNqxyDGRmJFV,1,0,"{""TRX"": ""0.000002""}",{},2026-01-09T10:57:27+00:00,2026-01-09T10:57:27+00:00,1,incoming
TPUHLW5v1QHzVi59RHstxgQv6sUxbuUNwf,0,1,{},"{""USDT"": ""1700""}",2026-01-31T05:55:48+00:00,2026-01-31T05:55:48+00:00,1,outgoing
TPXpcMZYo5qtiX8hNRwj359zMrimRLr64r,1,0,"{""TRX"": ""0.000003""}",{},2026-06-13T08:15:57+00:00,2026-06-13T08:15:57+00:00,1,incoming
TPXxc2GUHNEY9r5yNdqd5bdjPbxCx8h3Ka,1,0,"{""TRX"": ""0.000004""}",{},2026-02-27T06:47:09+00:00,2026-02-27T06:47:09+00:00,1,incoming
TPYJ3deLYKqPRVATyybFhLU4VEcdgW8PNP,1,0,"{""TRX"": ""0.000001""}",{},2026-03-13T14:52:54+00:00,2026-03-13T14:52:54+00:00,1,incoming
TPZVif5PejdBBUcVr7ocpM81EmHfwXAy2f,0,1,{},"{""USDT"": ""925""}",2026-08-03T03:56:03+00:00,2026-08-03T03:56:03+00:00,1,outgoing
TPa8MyiRpTVCkrgw6TELAp2hUGG7HVKc2c,1,0,"{""TRX"": ""0.000001""}",{},2026-01-31T05:52:36+00:00,2026-01-31T05:52:36+00:00,1,incoming
TPaeUqx22WUFnkbu3e1JNzYrBduDUXyVKZ,1,0,"{""TRX"": ""0.000007""}",{},2026-07-29T08:01:30+00:00,2026-07-29T08:01:30+00:00,1,incoming
TPdnHnEAcYbejRwsdMHEdMYD9s6xDmjYpa,1,0,"{""TRX"": ""0.000003""}",{},2026-07-31T12:30:03+00:00,2026-07-31T12:30:03+00:00,1,incoming
TPf4wiYbf6xSpTWEo8NUC13gdken1HuoV8,1,0,"{""TRX"": ""0.000002""}",{},2026-05-30T13:22:30+00:00,2026-05-30T13:22:30+00:00,1,incoming
TPfXhjVZVKhTPXagiumabyjzCZHaLtuUxd,1,0,"{""TRX"": ""0.000001""}",{},2026-02-11T03:47:09+00:00,2026-02-11T03:47:09+00:00,1,incoming
TPhPsSNCMkNniJJGo1YpuQ2YeXQwMF7EKa,1,0,"{""TRX"": ""0.000002""}",{},2026-02-18T13:25:27+00:00,2026-02-18T13:25:27+00:00,1,incoming
TPmV3q3QDgwNo1sMmXpuuQDUmS8RWJ1Ua3,1,0,"{""TRX"": ""0.000005""}",{},2026-07-05T10:26:03+00:00,2026-07-05T10:26:03+00:00,1,incoming
TPrTTsCGbYR5ovLRnEAL18DbwybfmXYhXK,1,0,"{""USDT"": ""114""}",{},2026-06-05T13:07:12+00:00,2026-06-05T13:07:12+00:00,1,incoming
TPsBxh6zcPEd3ux9dPRwaCMpmYnFmbutLA,1,0,"{""TRX"": ""8.888022""}",{},2026-07-16T15:59:57+00:00,2026-07-16T15:59:57+00:00,1,incoming
TQ1tEKiCJLUexAswNSHEbYjcAVvPQzEJHQ,1,0,"{""TRX"": ""0.000002""}",{},2026-06-07T18:04:57+00:00,2026-06-07T18:04:57+00:00,1,incoming
TQ4oyE3Y6VFFnXwcxqLkTb3C54JhWYXxXE,1,0,"{""TRX"": ""0.000002""}",{},2026-05-12T10:55:51+00:00,2026-05-12T10:55:51+00:00,1,incoming
TQ4wWd7YKJFfSGjyhW2oMRR5hqfefVu1Zt,1,0,"{""TRX"": ""0.000002""}",{},2026-06-22T06:39:39+00:00,2026-06-22T06:39:39+00:00,1,incoming
TQC2qcgYmdGMeGwBfPwhGkGABkaeHSNz7Q,1,0,"{""TRX"": ""0.000002""}",{},2026-02-20T05:32:42+00:00,2026-02-20T05:32:42+00:00,1,incoming
TQGWAz3SXogHYELrXk9PR4LYwavZmRsdAs,1,0,"{""TRX"": ""0.000002""}",{},2026-05-03T10:35:18+00:00,2026-05-03T10:35:18+00:00,1,incoming
TQHCnnDLJoXuB1dnEnK98VeZ6TaBxZuQid,1,0,"{""TRX"": ""0.000003""}",{},2026-07-25T07:15:57+00:00,2026-07-25T07:15:57+00:00,1,incoming
TQKzMm33yN71KJHRLuJHi2BHawzXMh3eWd,1,0,"{""TRX"": ""0.03""}",{},2026-03-21T00:33:30+00:00,2026-03-21T00:33:30+00:00,1,incoming
TQSnZVo2XLVdZmC2ZghRuF5q8U7kWwwtxU,1,0,"{""TRX"": ""0.000001""}",{},2026-05-28T15:23:45+00:00,2026-05-28T15:23:45+00:00,1,incoming
TQUxXeML4YkqtKjKiab4zU77z19tAvBbV8,1,0,"{""TRX"": ""0.000003""}",{},2026-06-03T17:40:18+00:00,2026-06-03T17:40:18+00:00,1,incoming
TQYHoRG8HyTp7Bx2y8F2dati5Xmdrh5e4r,1,0,"{""TRX"": ""0.000003""}",{},2026-06-13T03:27:30+00:00,2026-06-13T03:27:30+00:00,1,incoming
TQYw7K7Wbdchr8ezY6cSdt97A4GFADqddq,1,0,"{""TRX"": ""0.000002""}",{},2026-05-25T12:23:54+00:00,2026-05-25T12:23:54+00:00,1,incoming
TQZrqhYFb6orcT9AWvR2J97QXhcFEqUFKZ,1,0,"{""TRX"": ""0.000002""}",{},2026-07-04T10:39:30+00:00,2026-07-04T10:39:30+00:00,1,incoming
TQdosgTZGmtwd8G6TZe7tCFNX6ishRgDkQ,1,0,"{""TRX"": ""0.000006""}",{},2026-08-02T16:38:39+00:00,2026-08-02T16:38:39+00:00,1,incoming
TQknz7iKmn76xojg7DJKQQbqXFndCK3YsR,1,0,"{""TRX"": ""0.000002""}",{},2026-05-29T15:23:27+00:00,2026-05-29T15:23:27+00:00,1,incoming
TQqwDcaUW9pmttgVnijdPQWHaKbdgTauES,1,0,"{""TRX"": ""0.000005""}",{},2026-07-15T10:41:09+00:00,2026-07-15T10:41:09+00:00,1,incoming
TQsMGGjUq9v6TvQ8X6Vhjy7xaNiXMh3eWd,1,0,"{""TRX"": ""0.000003""}",{},2026-01-31T16:47:06+00:00,2026-01-31T16:47:06+00:00,1,incoming
TQw5abF8iuY79txR5acanYDAyjHwehZNMJ,1,0,"{""TRX"": ""0.000008""}",{},2026-06-26T07:02:39+00:00,2026-06-26T07:02:39+00:00,1,incoming
TQxypRzYPzXPAdfDeWjFXCDpHDfdUoU36d,1,0,"{""TRX"": ""0.000001""}",{},2026-02-06T05:56:51+00:00,2026-02-06T05:56:51+00:00,1,incoming
TR43CWA1aqH3ouhopHN1dh8k796SpC9E6d,1,0,"{""TRX"": ""0.000001""}",{},2026-02-11T03:42:06+00:00,2026-02-11T03:42:06+00:00,1,incoming
TR6RYZwEMvL8bWxQ6eCqB6NwvBcRCHiCMJ,1,0,"{""TRX"": ""0.000001""}",{},2026-06-22T06:37:39+00:00,2026-06-22T06:37:39+00:00,1,incoming
TRBhdzMR8G8QdLFD3dx6DTJGZ62yYeAUWd,1,0,"{""TRX"": ""0.000001""}",{},2026-02-11T03:35:33+00:00,2026-02-11T03:35:33+00:00,1,incoming
TRJy9Dd15t8uW7n2jNZBPrqigxEGFUBiCn,1,0,"{""TRX"": ""0.000002""}",{},2026-04-23T04:50:27+00:00,2026-04-23T04:50:27+00:00,1,incoming
TRRRxsxBum6URNVsRAE7gmH4GGotdCBnwY,1,0,"{""TRX"": ""0.000006""}",{},2026-05-10T09:04:57+00:00,2026-05-10T09:04:57+00:00,1,incoming
TRXfoj9HdJnGPPUZg3hyQyU1k4gHoiGfLU,1,0,"{""TRX"": ""0.000004""}",{},2026-06-30T10:57:48+00:00,2026-06-30T10:57:48+00:00,1,incoming
TRbRaiSiNNNEsJReGWamTeztH1ry8CMc2c,1,0,"{""TRX"": ""0.000002""}",{},2026-01-31T05:53:36+00:00,2026-01-31T05:53:36+00:00,1,incoming
TRdm6KdZznWRie8yrPBKTf4YsYhnoRGYaZ,1,0,"{""TRX"": ""0.000002""}",{},2026-03-02T17:08:06+00:00,2026-03-02T17:08:06+00:00,1,incoming
TRe3fnfnLPEaPpmcMb4UtGBKqTfnUDiHuw,1,0,"{""TRX"": ""0.000001""}",{},2026-04-23T04:50:15+00:00,2026-04-23T04:50:15+00:00,1,incoming
TRfK2UzXttZa82QzyQSiXSiHiWASYg4kNe,1,0,"{""TRX"": ""0.000009""}",{},2026-02-10T13:17:36+00:00,2026-02-10T13:17:36+00:00,1,incoming
TRgVjV2teqdqkAfuSfpqKJ5GTjZG4fwbah,1,0,"{""TRX"": ""0.000002""}",{},2026-02-18T06:22:15+00:00,2026-02-18T06:22:15+00:00,1,incoming
TRome7bffj2FmBKVoVtqazVNvJz93bFvh4,1,0,"{""TRX"": ""0.000001""}",{},2026-08-03T08:10:27+00:00,2026-08-03T08:10:27+00:00,1,incoming
TRwKWvUgrteRe2eFPaHBVi1PZESe5jo8CA,1,0,"{""TRX"": ""0.000004""}",{},2026-04-07T08:10:33+00:00,2026-04-07T08:10:33+00:00,1,incoming
TRyksLcqaT1nax6PeqGiDwdK49pUVi1c2c,1,0,"{""TRX"": ""0.000002""}",{},2026-01-31T05:51:00+00:00,2026-01-31T05:51:00+00:00,1,incoming
TRzebPbzcepKjLgyvqmzNAoMkxP1PxpQvx,1,0,"{""TRX"": ""0.000002""}",{},2026-02-15T03:36:45+00:00,2026-02-15T03:36:45+00:00,1,incoming
TS2aBf9j3Fwcpezcj3whDrZSjTmyxvzxxr,1,0,"{""TRX"": ""0.000002""}",{},2026-07-04T07:47:15+00:00,2026-07-04T07:47:15+00:00,1,incoming
TS4HicMSKcJJoVvVgQ1anHyApvCFzCTDcg,1,0,"{""TRX"": ""0.66""}",{},2026-02-05T17:13:57+00:00,2026-02-05T17:13:57+00:00,1,incoming
TS7aw9SXuPj7SfPBa1YSkAvdG6JeYmkQJH,0,1,{},"{""USDT"": ""1000""}",2026-07-24T12:44:15+00:00,2026-07-24T12:44:15+00:00,1,outgoing
TS7eEbQgyZTjqNGewibkCKzEGyFLw4jh4r,1,0,"{""TRX"": ""0.000001""}",{},2026-08-02T16:02:57+00:00,2026-08-02T16:02:57+00:00,1,incoming
TS9UYZ2bqhSNjk3XFhJnTLgUeHNLD7xQvx,1,0,"{""TRX"": ""0.000006""}",{},2026-02-09T03:26:57+00:00,2026-02-09T03:26:57+00:00,1,incoming
TSGaXAAGQoCgK5gNBZf317TrUQtpBvfKaZ,1,0,"{""TRX"": ""0.000003""}",{},2026-01-24T03:17:45+00:00,2026-01-24T03:17:45+00:00,1,incoming
TSK9XsiVj2HVhvmkn7ZsKARkFNVNZU11Zt,1,0,"{""TRX"": ""0.000002""}",{},2026-06-06T06:06:45+00:00,2026-06-06T06:06:45+00:00,1,incoming
TSM335VpQGgSgESwCLLXQvW5VSE4xhxbLD,1,0,"{""TRX"": ""0.000001""}",{},2026-02-10T13:11:24+00:00,2026-02-10T13:11:24+00:00,1,incoming
TSM6dtsFA8wdE4Meqhc9DhriaMn67xcYsR,1,0,"{""TRX"": ""0.000007""}",{},2026-05-09T10:14:48+00:00,2026-05-09T10:14:48+00:00,1,incoming
TSP8n9gRs22fbp6uPZJzD3DMm4ZfGZi5sL,0,1,{},"{""USDT"": ""2000""}",2026-01-28T07:36:03+00:00,2026-01-28T07:36:03+00:00,1,outgoing
TSQCkDSiBZz2VqTn4H1voJe1Hfz4H9N8CA,1,0,"{""TRX"": ""0.000008""}",{},2026-05-07T12:45:06+00:00,2026-05-07T12:45:06+00:00,1,incoming
TSSPb5M3qbFrqBcvfLAD9ypc7UduZvPARz,1,0,"{""TRX"": ""0.000002""}",{},2026-06-06T10:56:18+00:00,2026-06-06T10:56:18+00:00,1,incoming
TST1hQS4Q3GW8tSwpkpjw4CKu67gHSBzNP,1,0,"{""TRX"": ""0.000003""}",{},2026-06-02T14:17:27+00:00,2026-06-02T14:17:27+00:00,1,incoming
TSUHZwJPtrUu3G45zpT2K5RSWyF8e5d4ms,1,0,"{""TRX"": ""0.000002""}",{},2026-06-19T12:06:42+00:00,2026-06-19T12:06:42+00:00,1,incoming
TSUPqayooGov3n6c62db4qatVn2HyVxFed,1,0,"{""TRX"": ""0.000001""}",{},2026-01-10T16:15:09+00:00,2026-01-10T16:15:09+00:00,1,incoming
TSVfDeoyHnayRSW9mVzFvPMR5Ha8KS1fMJ,1,0,"{""TRX"": ""0.000008""}",{},2026-06-22T06:36:42+00:00,2026-06-22T06:36:42+00:00,1,incoming
TSY6ZWTsRJUEWdwBfsnSVGnnugKz4eCe9d,1,0,"{""TRX"": ""0.000001""}",{},2026-02-18T05:25:36+00:00,2026-02-18T05:25:36+00:00,1,incoming
TSYgUuj4DTKSecsGKduRNRJXFiF1AGD7a6,1,0,"{""TRX"": ""4444.444444""}",{},2026-07-24T12:42:42+00:00,2026-07-24T12:42:42+00:00,1,incoming
TSaxa8maXKbFCgWqvupqKdAEg7sn7pCCUk,1,0,"{""TRX"": ""0.000005""}",{},2026-07-19T14:42:15+00:00,2026-07-19T14:42:15+00:00,1,incoming
TSbbveFaRz8sggLLf5S2HTnHTvdxTiwb2A,1,0,"{""TRX"": ""0.000008""}",{},2026-01-16T09:25:12+00:00,2026-01-16T09:25:12+00:00,1,incoming
TScWKSyJ6PDDPUdjyE7G5WSwkC3Q5n9KpQ,1,0,"{""TRX"": ""0.000007""}",{},2026-05-20T13:10:54+00:00,2026-05-20T13:10:54+00:00,1,incoming
TScwELtdxUySNTqwQSgDo4wxLE2D4yT4Bd,1,0,"{""TRX"": ""0.000001""}",{},2026-02-11T03:48:00+00:00,2026-02-11T03:48:00+00:00,1,incoming
TSevZnBxSqEdnp6uGciubER2jTyJ7hdZ1R,1,0,"{""TRX"": ""0.000007""}",{},2026-02-26T15:55:09+00:00,2026-02-26T15:55:09+00:00,1,incoming
TSgAjM8ZE9vb7HQSz22T2SU8os8v8Q8CkQ,0,1,{},"{""USDT"": ""6000""}",2026-05-28T15:22:42+00:00,2026-05-28T15:22:42+00:00,1,outgoing
TSgcCfqsRbMbdN4LuGkvKpXybQSbiKiB7h,1,0,"{""TRX"": ""711""}",{},2026-08-02T16:02:54+00:00,2026-08-02T16:02:54+00:00,1,incoming
TSguXpG9Bm8tEBt14uQn6Y4tfXdgnCGe5X,1,0,"{""TRX"": ""7.11""}",{},2026-08-02T16:02:54+00:00,2026-08-02T16:02:54+00:00,1,incoming
TShytue8LZusDcjT7y6npgTcAGWt5TBNG2,1,0,"{""USDT"": ""87""}",{},2026-06-16T12:24:45+00:00,2026-06-16T12:24:45+00:00,1,incoming
TSmjaNeW1ZMxNv5LwN7FXE1fZEsSzx1Upa,1,0,"{""TRX"": ""0.000003""}",{},2026-07-06T12:59:36+00:00,2026-07-06T12:59:36+00:00,1,incoming
TSnaK7DCdxM6E2JYi5TSNLyHfKPFj34FvU,1,0,"{""TRX"": ""0.000001""}",{},2026-03-05T11:08:00+00:00,2026-03-05T11:08:00+00:00,1,incoming
TSvmYYk5xeuuQMty84kFq6BAqEGsUwZtTd,1,0,"{""TRX"": ""0.000001""}",{},2026-02-11T03:47:33+00:00,2026-02-11T03:47:33+00:00,1,incoming
TT1Y8CPwfDdSXQAZDcNKcN4KRM2kKgzvKD,1,0,"{""TRX"": ""0.000003""}",{},2026-06-21T15:08:03+00:00,2026-06-21T15:08:03+00:00,1,incoming
TT2akLvaisNi28RGxq8egcNT5nwJtLe7t9,1,0,"{""TRX"": ""1""}",{},2026-04-27T07:46:51+00:00,2026-04-27T07:46:51+00:00,1,incoming
TT5YS5o2KcAo5cBXrW3UaJsYb6RApxtnCn,1,0,"{""TRX"": ""0.000009""}",{},2026-06-19T12:04:48+00:00,2026-06-19T12:04:48+00:00,1,incoming
TT6AapoWh7rWB7Wh3n3yzfDQHiGvkkH97N,1,0,"{""TRX"": ""0.000005""}",{},2026-07-05T16:14:30+00:00,2026-07-05T16:14:30+00:00,1,incoming
TTDA9E6j2YgMJpF3hYA5yTzVknZMyGMNG2,1,0,"{""TRX"": ""0.000001""}",{},2026-06-16T12:26:57+00:00,2026-06-16T12:26:57+00:00,1,incoming
TTHGA7qyJWAuvJJKSmaDB8oDxzzfMaiCMJ,1,0,"{""TRX"": ""0.000005""}",{},2026-07-03T05:15:06+00:00,2026-07-03T05:15:06+00:00,1,incoming
TTHvfhD6d6rn6TcJQynGCoYLB8zPd9Ct4r,1,0,"{""TRX"": ""0.000005""}",{},2026-06-27T13:15:45+00:00,2026-06-27T13:15:45+00:00,1,incoming
TTJoEpUpUnPuZjs4Gz45ZnUGGjQNYjJuKZ,1,0,"{""TRX"": ""0.000008""}",{},2026-07-04T10:42:24+00:00,2026-07-04T10:42:24+00:00,1,incoming
TTQS3hu176n6Vcb3hodDYvTss4gfzxiNMJ,1,0,"{""TRX"": ""0.000006""}",{},2026-03-11T14:37:39+00:00,2026-03-11T14:37:39+00:00,1,incoming
TTSbXe3Qneza7GcjeizM8cQG4Q2nJFF7Bn,1,0,"{""TRX"": ""0.000001""}",{},2026-06-18T11:21:09+00:00,2026-06-18T11:21:09+00:00,1,incoming
TTTbLLkLdsKY28dw1Eqc4zdbXcsdYbQZms,1,0,"{""TRX"": ""0.000002""}",{},2026-05-25T17:06:39+00:00,2026-05-25T17:06:39+00:00,1,incoming
TTVDm8HvAvCso2LypQbsv8126mRRg8D9As,0,1,{},"{""USDT"": ""1100""}",2026-05-03T10:35:03+00:00,2026-05-03T10:35:03+00:00,1,outgoing
TTVYEEkJCxAvYRC7KzMqPY2pocWyJMj3pA,1,0,"{""TRX"": ""0.000002""}",{},2026-05-14T11:09:39+00:00,2026-05-14T11:09:39+00:00,1,incoming
TTYWPubS36LWnBFprvTGx7Qbr3wpQm87mY,1,0,"{""TRX"": ""0.000007""}",{},2026-02-16T11:18:54+00:00,2026-02-16T11:18:54+00:00,1,incoming
TTcKn5yC3rKdeeFEJnLMCYGqGnjHF6CJcR,1,0,"{""TRX"": ""0.000004""}",{},2026-06-29T09:41:15+00:00,2026-06-29T09:41:15+00:00,1,incoming
TTeFLSAL8rEZQzqsQV3S3ecRCudunynUa3,1,0,"{""TRX"": ""0.000006""}",{},2026-06-10T10:57:39+00:00,2026-06-10T10:57:39+00:00,1,incoming
TTfxEvcvBGNjfx7A9k4F1n9jApkY5Pu95p,1,0,"{""USDT"": ""2780""}",{},2026-03-26T07:15:12+00:00,2026-03-26T07:15:12+00:00,1,incoming
TTgFMK7dGiThWTPZsHeyVaGrfFp7oSXLis,0,1,{},"{""USDT"": ""200""}",2026-03-10T06:40:39+00:00,2026-03-10T06:40:39+00:00,1,outgoing
TTiuApmZkNG4f3kEZabyt89wpycpyQZjnZ,1,0,"{""TRX"": ""1""}",{},2026-03-01T07:26:45+00:00,2026-03-01T07:26:45+00:00,1,incoming
TTkUqUv6ApzSjKbeULRmDqrno5d1MSd1WZ,1,0,"{""TRX"": ""0.000002""}",{},2026-05-16T09:09:30+00:00,2026-05-16T09:09:30+00:00,1,incoming
TTmaFHWFBCSrBpY6UhyD3eB3FMefrxRhpQ,1,0,"{""TRX"": ""0.000003""}",{},2026-06-13T12:58:00+00:00,2026-06-13T12:58:00+00:00,1,incoming
TTmqYHsuhGdiiSUi55dmt98E3JLDN48NJk,1,0,"{""TRX"": ""0.000002""}",{},2026-07-31T10:11:42+00:00,2026-07-31T10:11:42+00:00,1,incoming
TTpQq1RPoHrEFgRuzKUN4JBvjmud4c4AYd,1,0,"{""TRX"": ""0.000001""}",{},2026-02-11T04:18:36+00:00,2026-02-11T04:18:36+00:00,1,incoming
TTqowZG5Bi2V1XxMaaTLCkFcrJ8hiCAJHQ,1,0,"{""TRX"": ""0.000006""}",{},2026-06-07T18:06:03+00:00,2026-06-07T18:06:03+00:00,1,incoming
TTqr4d17ehUsBMWnm4WET5HfPCqPJZLnCn,1,0,"{""TRX"": ""0.000004""}",{},2026-08-03T04:05:36+00:00,2026-08-03T04:05:36+00:00,1,incoming
TTtefhPRQ31gJknZdJHspRN1GtGKDgXQxr,1,0,"{""TRX"": ""0.000007""}",{},2026-07-04T07:47:06+00:00,2026-07-04T07:47:06+00:00,1,incoming
TTuA3APdxGfnrBdGaKtcVyXbsjAXP6d5Zd,1,0,"{""TRX"": ""0.000001""}",{},2026-02-18T05:21:18+00:00,2026-02-18T05:21:18+00:00,1,incoming
TTxToMsxwNZp4jyhBSUNeoi9EjyShHbVqd,1,0,"{""TRX"": ""0.000001""}",{},2026-01-06T12:03:09+00:00,2026-01-06T12:03:09+00:00,1,incoming
TTyPrgaUdm4viT47iAvonatsNP9mPJSi4S,1,0,"{""USDT"": ""1462.3""}",{},2026-03-23T11:08:48+00:00,2026-03-23T11:08:48+00:00,1,incoming
TTzFrkxgh7rhaakx3qcnywnTtSCbStqCkQ,1,0,"{""TRX"": ""0.000005""}",{},2026-05-28T15:25:09+00:00,2026-05-28T15:25:09+00:00,1,incoming
TTzMTUKG46zXnsjFGZGPasjue8QEduFf1u,1,0,"{""TRX"": ""0.000002""}",{},2026-03-09T09:02:45+00:00,2026-03-09T09:02:45+00:00,1,incoming
TU5LqRSi4mFxaWH114KfjGcuSsvJG9595p,1,0,"{""TRX"": ""0.000008""}",{},2026-03-26T07:16:42+00:00,2026-03-26T07:16:42+00:00,1,incoming
TU7UiPnMJuSeXJVaCCkKHRuvt2JUub1wHm,1,0,"{""TRX"": ""0.000002""}",{},2026-01-06T17:19:45+00:00,2026-01-06T17:19:45+00:00,1,incoming
TUBJnPP9Qm7HxdH1ra8JSUeHiEJjWs9EkC,1,0,"{""TRX"": ""0.000003""}",{},2026-03-08T15:13:21+00:00,2026-03-08T15:13:21+00:00,1,incoming
TUKAM9DBqbAoq4b3EvEreyk7e3RMWu4TGe,1,0,"{""TRX"": ""0.000001""}",{},2026-01-14T06:31:00+00:00,2026-01-14T06:31:00+00:00,1,incoming
TUNBQmLcEHcJ6imr381N2u3VBnzcpM1zXE,1,0,"{""TRX"": ""0.000003""}",{},2026-05-12T10:58:42+00:00,2026-05-12T10:58:42+00:00,1,incoming
TUNQHboaLSJUBEiP1bVALmtppKTpZEbuKZ,1,0,"{""TRX"": ""0.000001""}",{},2026-07-13T07:18:06+00:00,2026-07-13T07:18:06+00:00,1,incoming
TUNniNsHAmCkF3fRPaP5EuKWnKxfUAznST,1,0,"{""TRX"": ""7.11""}",{},2026-07-24T12:44:18+00:00,2026-07-24T12:44:18+00:00,1,incoming
TUT4Nhm6PwMwC8pVpWwDGSo6mtBjF3Akms,1,0,"{""TRX"": ""0.000005""}",{},2026-05-14T11:12:03+00:00,2026-05-14T11:12:03+00:00,1,incoming
TUa7RgTnJEJLHpoUaTHxW7mspnec63CRZd,1,0,"{""TRX"": ""0.000001""}",{},2026-01-27T04:31:06+00:00,2026-01-27T04:31:06+00:00,1,incoming
TUbkVYkvQkFM8eMP3AciXevw3v678uaaMJ,1,0,"{""TRX"": ""0.000003""}",{},2026-08-02T09:53:54+00:00,2026-08-02T09:53:54+00:00,1,incoming
TUcar2zRa68nLdyuGrr1GSTCsv49JKrnZt,1,0,"{""TRX"": ""0.000001""}",{},2026-06-15T05:13:54+00:00,2026-06-15T05:13:54+00:00,1,incoming
TUdykBC9QJEDr8yVH6aEzkyhkox2Kqahju,0,1,{},"{""USDT"": ""4000""}",2026-07-08T10:58:42+00:00,2026-07-08T10:58:42+00:00,1,outgoing
TUevijYD489RDsVY1hYT9XncCG7gmf1DkQ,1,0,"{""TRX"": ""0.000002""}",{},2026-08-02T17:17:15+00:00,2026-08-02T17:17:15+00:00,1,incoming
TUhYD9dRysYBrPsqXZChADX1jj6WxhKEpA,1,0,"{""TRX"": ""0.000005""}",{},2026-05-06T16:05:00+00:00,2026-05-06T16:05:00+00:00,1,incoming
TUoBDth7krtRLrPjMxjvkec2BN6w9t1NJk,1,0,"{""TRX"": ""0.000004""}",{},2026-07-31T10:12:09+00:00,2026-07-31T10:12:09+00:00,1,incoming
TUp1fgmzWfAJ9xXjdHQBXm9ekS1nvD3JxN,1,0,"{""USDT"": ""5570""}",{},2026-04-06T06:32:09+00:00,2026-04-06T06:32:09+00:00,1,incoming
TUpUFqDmSZtZkWsYoSMuGeaP6AT3fVnNMJ,1,0,"{""TRX"": ""0.000001""}",{},2026-08-02T09:54:51+00:00,2026-08-02T09:54:51+00:00,1,incoming
TUqtYnkbyaPzxaHmmsjZeHp5MQd9RSKLis,1,0,"{""TRX"": ""0.000008""}",{},2026-03-10T06:42:51+00:00,2026-03-10T06:42:51+00:00,1,incoming
TUvq3YgEKYvWAcVU8E5oVfc5RtNF3D7zpQ,1,0,"{""TRX"": ""0.000001""}",{},2026-07-09T13:28:21+00:00,2026-07-09T13:28:21+00:00,1,incoming
TUzmUJyqKjqXn19rpCaew6FGDGXif32gTe,1,0,"{""TRX"": ""0.000001""}",{},2026-03-09T03:56:45+00:00,2026-03-09T03:56:45+00:00,1,incoming
TV28Sq3R8msLc32EZjnEsNumJtx9nsdc2c,1,0,"{""TRX"": ""0.000008""}",{},2026-03-06T04:28:15+00:00,2026-03-06T04:28:15+00:00,1,incoming
TV3to79cXQF6D7qSfcFFmRR4F6DbqbFh2c,1,0,"{""TRX"": ""0.000002""}",{},2026-03-20T08:18:09+00:00,2026-03-20T08:18:09+00:00,1,incoming
TV4G1U4VjL2yKXZ1vz6GrZRaZhNMwDXFou,1,0,"{""TRX"": ""0.000002""}",{},2026-02-02T07:34:33+00:00,2026-02-02T07:34:33+00:00,1,incoming
TV75MgxwDe3Kcwao5FtrN1sw3FVAVkyM3J,1,0,"{""TRX"": ""88.888888""}",{},2026-04-07T10:19:45+00:00,2026-04-07T10:19:45+00:00,1,incoming
TV7bkV9CvixgMPcotW6X3TdSGoVuRmqjja,1,0,"{""TRX"": ""0.000001""}",{},2026-05-08T08:44:54+00:00,2026-05-08T08:44:54+00:00,1,incoming
TVCWchKrXPXsBzrvfqC4Ps1noWYin4SJcR,1,0,"{""TRX"": ""0.000003""}",{},2026-07-19T10:02:30+00:00,2026-07-19T10:02:30+00:00,1,incoming
TVG8mizwwanuXZoT8LknozSX4gVZqB4B5n,1,0,"{""TRX"": ""0.000002""}",{},2026-03-09T04:04:12+00:00,2026-03-09T04:04:12+00:00,1,incoming
TVGXZQmhTgSTtNjfuFF6zdHTXZdXnGPjnn,1,0,"{""TRX"": ""0.000001""}",{},2026-07-16T10:28:03+00:00,2026-07-16T10:28:03+00:00,1,incoming
TVGgvqkcdmRrXG1FoGXkom7myFowyRgVuY,1,0,"{""TRX"": ""0.000001""}",{},2026-05-10T09:04:03+00:00,2026-05-10T09:04:03+00:00,1,incoming
TVGs8S6FzBCemJUbUmhQJ4ZuX7MANZ8vUH,1,0,"{""USDT"": ""50""}",{},2026-02-16T08:43:03+00:00,2026-02-16T08:43:03+00:00,1,incoming
TVJBbpTs58KYfrBRRNuSoDw7aGTwPFNR2h,1,0,"{""TRX"": ""0.000002""}",{},2026-03-02T15:47:36+00:00,2026-03-02T15:47:36+00:00,1,incoming
TVJdnC8wuNMZujjk4UhExT8D1gDHNHs6F5,1,0,"{""TRX"": ""100""}",{},2026-07-25T07:18:03+00:00,2026-07-25T07:18:03+00:00,1,incoming
TVLDYZJht1kYGc8J4Q28171b6LWM6SDueE,1,0,"{""TRX"": ""0.1""}",{},2026-01-06T05:23:12+00:00,2026-01-06T05:23:12+00:00,1,incoming
TVNSEFB4N4qfVJf2r54scAdJ2jDKeSJ1xr,1,0,"{""TRX"": ""0.000003""}",{},2026-02-25T10:39:54+00:00,2026-02-25T10:39:54+00:00,1,incoming
TVPACDuyLvh5AqsgunNaf3gWwFgXMh3eWd,1,0,"{""TRX"": ""0.000004""}",{},2026-01-18T10:42:45+00:00,2026-01-18T10:42:45+00:00,1,incoming
TVPPbxRjwzwJvBAKtJfGEUPGRBMcU8jtBu,1,0,"{""TRX"": ""1""}",{},2026-05-31T14:04:09+00:00,2026-05-31T14:04:09+00:00,1,incoming
TVPT8auUfxsxTu4XXtjucxvcjQtgPzBp4r,1,0,"{""TRX"": ""0.000009""}",{},2026-06-12T08:04:51+00:00,2026-06-12T08:04:51+00:00,1,incoming
TVTviZbKTEZvLrZDGFeeUq8iivgt4tgFvB,1,0,"{""TRX"": ""0.000005""}",{},2026-02-06T14:47:15+00:00,2026-02-06T14:47:15+00:00,1,incoming
TVUgM934FJwrNwT2FaE7HCWwQUa2rp11Fp,1,0,"{""TRX"": ""0.000007""}",{},2026-04-30T14:12:57+00:00,2026-04-30T14:12:57+00:00,1,incoming
TVUuAMDQ7NjEtJdqK55ybVADnqMT6n5FV8,1,0,"{""TRX"": ""0.000001""}",{},2026-05-16T09:08:09+00:00,2026-05-16T09:08:09+00:00,1,incoming
TVXBtMg9sXpcYZzjSsH5aDk1uZT4WfFuKZ,1,0,"{""TRX"": ""0.000002""}",{},2026-07-29T08:02:06+00:00,2026-07-29T08:02:06+00:00,1,incoming
TVfyjfo21L1WNcjqWa8KC4DBTKgVjGDTRz,1,0,"{""TRX"": ""0.000002""}",{},2026-06-22T06:38:36+00:00,2026-06-22T06:38:36+00:00,1,incoming
TVhTu42mXWYPkAMnxSFVfF8iTDVvVFUstN,1,0,"{""TRX"": ""0.000008""}",{},2026-07-14T11:56:27+00:00,2026-07-14T11:56:27+00:00,1,incoming
TVovhLNzdMLVpLQtmAjTsae619cJRmaJxN,1,0,"{""TRX"": ""0.000006""}",{},2026-04-06T06:34:21+00:00,2026-04-06T06:34:21+00:00,1,incoming
TVtCi4j6c3ACzKrm7QRkiTQeB2T7dcm69C,1,0,"{""TRX"": ""0.01""}",{},2026-02-02T06:46:51+00:00,2026-02-02T06:46:51+00:00,1,incoming
TVxR8kc6EHUfLeBp4dPt4T4L98DCMM342c,1,0,"{""TRX"": ""0.000002""}",{},2026-01-16T09:35:27+00:00,2026-01-16T09:35:27+00:00,1,incoming
TVyRUNSj728icLqgB2ypneg2CKBDCSuAMJ,1,0,"{""TRX"": ""0.000002""}",{},2026-06-02T15:19:12+00:00,2026-06-02T15:19:12+00:00,1,incoming
TW1f3bZveeBgtTM13hkxKY2oycntA3SnCn,1,0,"{""TRX"": ""0.000008""}",{},2026-04-23T04:52:21+00:00,2026-04-23T04:52:21+00:00,1,incoming
TW48cv4ud5d2i4VT2jWYZFPfDtReyuuocR,1,0,"{""TRX"": ""0.000002""}",{},2026-07-05T08:33:54+00:00,2026-07-05T08:33:54+00:00,1,incoming
TWDgM7yoiwigYh4oFkp8PYfrAXr3tb7Ymf,1,0,"{""TRX"": ""0.000007""}",{},2026-07-11T09:15:18+00:00,2026-07-11T09:15:18+00:00,1,incoming
TWFxbwPLDvKRFdkKdQYXmrWEgDbn1ovWRA,1,0,"{""TRX"": ""4444.444444""}",{},2026-06-25T04:33:42+00:00,2026-06-25T04:33:42+00:00,1,incoming
TWG7ujz9t4Dm4L2wE5w5rDoQSFR45hS2Rz,1,0,"{""TRX"": ""0.000006""}",{},2026-07-08T10:56:57+00:00,2026-07-08T10:56:57+00:00,1,incoming
TWGy4arK5C3D5vGTJwa5ko5CptUedJ1z7Q,1,0,"{""TRX"": ""0.000005""}",{},2026-02-20T05:34:51+00:00,2026-02-20T05:34:51+00:00,1,incoming
TWMAXLpkZvDF3F2evamnyETDf5tV4jx6Rz,1,0,"{""TRX"": ""0.000003""}",{},2026-07-25T07:16:39+00:00,2026-07-25T07:16:39+00:00,1,incoming
TWQ4so1RQESbvmky8jKuEncNf9gHL9zNMJ,1,0,"{""TRX"": ""0.000004""}",{},2026-02-27T12:15:00+00:00,2026-02-27T12:15:00+00:00,1,incoming
TWQyfqYmWGDryX2hF16CCBFo4eEkvJy7HQ,1,0,"{""TRX"": ""0.000001""}",{},2026-07-09T10:39:39+00:00,2026-07-09T10:39:39+00:00,1,incoming
TWTutkUHvsztvkm6bUKtQJzrqL6KQdhh1N,1,0,"{""TRX"": ""138.138""}",{},2026-04-14T14:51:15+00:00,2026-04-14T14:51:15+00:00,1,incoming
TWb6zn4UfTLmDh6aCmpH1s9VgwQFJHUJcR,1,0,"{""TRX"": ""0.000003""}",{},2026-07-15T09:09:00+00:00,2026-07-15T09:09:00+00:00,1,incoming
TWe8Nk3MUwFMuxc9Kr2bMdiiRhW24xW5Rz,1,0,"{""TRX"": ""0.000007""}",{},2026-07-19T10:00:21+00:00,2026-07-19T10:00:21+00:00,1,incoming
TWfQBNp2BZfmP4sMnR5YLo9LjoPXVpyXsR,1,0,"{""TRX"": ""0.000002""}",{},2026-07-25T19:49:36+00:00,2026-07-25T19:49:36+00:00,1,incoming
TWiDReR6qv2T73c9ZVpjfsLX4VD51AmFUU,1,0,"{""TRX"": ""7.11""}",{},2026-07-13T07:20:06+00:00,2026-07-13T07:20:06+00:00,1,incoming
TWmtYdguahpWTNYwRcUuRPt6s8gdzvV97N,1,0,"{""TRX"": ""0.000005""}",{},2026-06-25T04:39:39+00:00,2026-06-25T04:39:39+00:00,1,incoming
TWrnWhE1Epyk32v4ogE3pps2k9RV9gwLah,1,0,"{""TRX"": ""0.000002""}",{},2026-02-18T06:24:27+00:00,2026-02-18T06:24:27+00:00,1,incoming
TWu6qa6uykVPLx6DkgbQ7wZGpRRbYcKP6T,0,1,{},"{""USDT"": ""4000""}",2026-06-28T06:40:51+00:00,2026-06-28T06:40:51+00:00,1,outgoing
TX3ByyoAsnxSweqKJVUua5wAGju9VSaYwY,1,0,"{""TRX"": ""0.000002""}",{},2026-05-10T09:14:27+00:00,2026-05-10T09:14:27+00:00,1,incoming
TX61J256RrH9jCTRmujrYDN3JbadSDv1Fp,1,0,"{""TRX"": ""0.000008""}",{},2026-04-30T14:12:18+00:00,2026-04-30T14:12:18+00:00,1,incoming
TX7AhDUiF82C72A5F3cWM5amLu7rETJjNP,1,0,"{""TRX"": ""0.000004""}",{},2026-06-13T13:05:33+00:00,2026-06-13T13:05:33+00:00,1,incoming
TXBxdtaL6gafcpwQGZ7dZ6UiCHjM83NEkC,1,0,"{""USDT"": ""631""}",{},2026-03-08T15:10:45+00:00,2026-03-08T15:10:45+00:00,1,incoming
TXFK7ckgKFntzCTNWeviXh78gZt5JKkANP,1,0,"{""TRX"": ""0.000003""}",{},2026-05-28T14:25:18+00:00,2026-05-28T14:25:18+00:00,1,incoming
TXFrA5iFJgWejusYiSdx8cEwQJsncQ1JYd,1,0,"{""TRX"": ""0.000001""}",{},2026-02-11T03:54:09+00:00,2026-02-11T03:54:09+00:00,1,incoming
TXHD2852L5LdmTpVi8yx8YLtWgf74JjdpQ,1,0,"{""TRX"": ""0.000007""}",{},2026-06-09T14:38:09+00:00,2026-06-09T14:38:09+00:00,1,incoming
TXQAF8uk4zWuLrVywpkAVssdZULejXXXCn,1,0,"{""TRX"": ""0.000002""}",{},2026-08-03T04:03:36+00:00,2026-08-03T04:03:36+00:00,1,incoming
TXRaUA6GpPgjfebtvLcz7pUmHA3PxSKQXC,0,1,{},"{""USDT"": ""2000""}",2026-02-12T18:25:03+00:00,2026-02-12T18:25:03+00:00,1,outgoing
TXXEuZTPK8cNmWtBiCMxA56L8wJd9Rwxh4,1,0,"{""TRX"": ""0.000002""}",{},2026-07-05T08:46:42+00:00,2026-07-05T08:46:42+00:00,1,incoming
TXZAFbN4u1LWJCY3myUMzucJNE4ZwSv7mY,1,0,"{""TRX"": ""0.000001""}",{},2026-02-16T11:18:21+00:00,2026-02-16T11:18:21+00:00,1,incoming
TXaCD3auhqf14hC4WKMPL9Gu4eC1fi1z1Q,1,0,"{""TRX"": ""0.000001""}",{},2026-05-27T13:56:51+00:00,2026-05-27T13:56:51+00:00,1,incoming
TXbPCLWcDVUR4B1nJgufqbJUSayK1HM1V8,1,0,"{""TRX"": ""0.000002""}",{},2026-02-15T14:02:09+00:00,2026-02-15T14:02:09+00:00,1,incoming
TXhMf5Pd1mBTE1CGnghdov8Hg9iZF2D7sd,1,0,"{""TRX"": ""0.000001""}",{},2026-01-10T10:51:09+00:00,2026-01-10T10:51:09+00:00,1,incoming
TXi4HVfMCK2LeibP7nLkGZqVcoDXMh3eWd,1,0,"{""TRX"": ""0.000003""}",{},2026-03-14T23:48:36+00:00,2026-03-14T23:48:36+00:00,1,incoming
TXjohvpGzGrVUVA7uRYh4gzYmfH9xJjSjJ,1,0,"{""TRX"": ""0.000009""}",{},2026-03-06T04:27:03+00:00,2026-03-06T04:27:03+00:00,1,incoming
TXkNUeYuN2nTdAQFfxStaeTXqYmPBrM6Tf,1,0,"{""TRX"": ""0.000001""}",{},2026-07-10T17:24:48+00:00,2026-07-10T17:24:48+00:00,1,incoming
TXkxeY4PQNGSc15534K1Dnz4AtBirPEEkC,1,0,"{""TRX"": ""0.000003""}",{},2026-03-08T15:12:57+00:00,2026-03-08T15:12:57+00:00,1,incoming
TXomxbnrqa1uwjUc81dyDCrttxpBom6oV8,1,0,"{""TRX"": ""0.000006""}",{},2026-06-09T08:55:09+00:00,2026-06-09T08:55:09+00:00,1,incoming
TXoyiXyLiB45bHq33Mffy1dRBRPxkzw9eq,1,0,"{""TRX"": ""0.000001""}",{},2026-06-04T15:54:42+00:00,2026-06-04T15:54:42+00:00,1,incoming
TXv7CdmpSXVmgvQYnaUbJhXjG6ayP6zeiH,1,0,"{""TRX"": ""138.138""}",{},2026-03-16T14:06:06+00:00,2026-03-16T14:06:06+00:00,1,incoming
TXwdrkownxWGCM2YkwEbGmrTRjoxZvaoAn,1,0,"{""TRX"": ""0.000002""}",{},2026-07-06T12:24:54+00:00,2026-07-06T12:24:54+00:00,1,incoming
TY6fkYVGpdUdHi4oaSKJHV1pnx6NPtSvWZ,1,0,"{""TRX"": ""0.000003""}",{},2026-06-06T10:54:57+00:00,2026-06-06T10:54:57+00:00,1,incoming
TY9DdASc2xNefninzP2EBiuRQ3Xh7zihDX,1,0,"{""TRX"": ""0.000001""}",{},2026-03-05T15:55:24+00:00,2026-03-05T15:55:24+00:00,1,incoming
TYBthuusLuoBykoJfxVp43UrBu7A3twqjx,1,0,"{""TRX"": ""0.000002""}",{},2026-08-01T09:12:48+00:00,2026-08-01T09:12:48+00:00,1,incoming
TYDGMdP4iSThrEWzJPSPLh3taymKcKXmpA,1,0,"{""TRX"": ""0.000001""}",{},2026-04-27T07:47:21+00:00,2026-04-27T07:47:21+00:00,1,incoming
TYDpm32uBnFWP7DNTrWU41tU1xjDs6Nth4,1,0,"{""TRX"": ""0.000001""}",{},2026-06-28T06:41:21+00:00,2026-06-28T06:41:21+00:00,1,incoming
TYGzu5HbA5mcbCjsgnS5WgTihAr69PmHHm,1,0,"{""TRX"": ""0.000001""}",{},2026-01-06T04:04:15+00:00,2026-01-06T04:04:15+00:00,1,incoming
TYRhnVSCwsiN9kgrR8EoZx9W4Wiri3HNMJ,1,0,"{""TRX"": ""0.000002""}",{},2026-01-25T05:00:06+00:00,2026-01-25T05:00:06+00:00,1,incoming
TYSm1DTYwVwavyz18urgac41opJnHXdCUk,1,0,"{""TRX"": ""0.000003""}",{},2026-06-30T15:50:39+00:00,2026-06-30T15:50:39+00:00,1,incoming
TYUkuF65cCAd2NenjunHFsyGSV2uvixevd,1,0,"{""TRX"": ""0.000001""}",{},2026-01-29T03:41:30+00:00,2026-01-29T03:41:30+00:00,1,incoming
TYW4SG7XbV1yDrjncsJh5HhLpqtajvuazd,1,0,"{""TRX"": ""0.000001""}",{},2026-02-18T05:17:24+00:00,2026-02-18T05:17:24+00:00,1,incoming
TYXcq9q7Cqmx4XrEgMcGQKhPt3ctTHsuCk,1,0,"{""TRX"": ""0.000002""}",{},2026-04-18T14:46:36+00:00,2026-04-18T14:46:36+00:00,1,incoming
TYYkEhr5XdkpBxDtrPNJ5jTFnpyJtqAzV8,1,0,"{""TRX"": ""0.000007""}",{},2026-05-26T10:17:06+00:00,2026-05-26T10:17:06+00:00,1,incoming
TYarAThsPfbaVzfq9AU3cHXYRocBpUTdqA,1,0,"{""TRX"": ""0.0001""}",{},2026-02-15T16:00:15+00:00,2026-02-15T16:00:15+00:00,1,incoming
TYfSX1wLB4QHnfRx8iZXMMpStKC1HECVud,1,0,"{""TRX"": ""0.000001""}",{},2026-01-27T04:48:36+00:00,2026-01-27T04:48:36+00:00,1,incoming
TYmpxCXo1DC8iZWrDRszCE5f5yGjhiPQ7X,0,1,{},"{""USDT"": ""1000""}",2026-05-17T12:30:06+00:00,2026-05-17T12:30:06+00:00,1,outgoing
TYnxhVLRygHtJxrvEk1T68xd2YzK25LXsR,1,0,"{""TRX"": ""0.000001""}",{},2026-07-23T12:18:39+00:00,2026-07-23T12:18:39+00:00,1,incoming
TYvM38CQJ1gbFGHSkagEdJ6ogm52nRfNMJ,1,0,"{""TRX"": ""0.000002""}",{},2026-07-03T05:16:06+00:00,2026-07-03T05:16:06+00:00,1,incoming
TYxYpbK11o4buPBdp2rBtB4ZG3vw5T5nbC,1,0,"{""TRX"": ""0.0001""}",{},2026-02-20T20:34:15+00:00,2026-02-20T20:34:15+00:00,1,incoming
TZ54vu5yDxxqnToCEm4PXSCyvN796jZf1u,1,0,"{""USDT"": ""1823""}",{},2026-03-09T09:01:39+00:00,2026-03-09T09:01:39+00:00,1,incoming
TZ5gX1CAaWAvGnASvv8PzatbiCUg8GkesR,1,0,"{""TRX"": ""0.000007""}",{},2026-03-12T17:41:36+00:00,2026-03-12T17:41:36+00:00,1,incoming
TZAWLamsmBfXxEEKtyV8gDX7o2CdrUdqqh,0,1,{},"{""USDT"": ""1000""}",2026-07-08T10:57:27+00:00,2026-07-08T10:57:27+00:00,1,outgoing
TZEV3ktEY8RNoFbtopcZbhu9GgyNfPBLNK,0,1,{},"{""USDT"": ""900""}",2026-03-09T08:36:27+00:00,2026-03-09T08:36:27+00:00,1,outgoing
TZHfQNpR9RKY4Rt6gA9ojxKUFRjFhzrxh4,1,0,"{""TRX"": ""0.000003""}",{},2026-07-05T08:45:48+00:00,2026-07-05T08:45:48+00:00,1,incoming
