from,to,amount,asset,timestamp,hash
0x2222222222222222222222222222222222222222,0x1111111111111111111111111111111111111111,1.5,USDT,2026-01-01T00:00:00Z,0x0000000000000000000000000000000000000000000000000000000000000000
0x1111111111111111111111111111111111111111,0x2222222222222222222222222222222222222222,2.5,ETH,2026-02-02T01:00:00Z,0x0000000000000000000000000000000000000000000000000000000000000001
0x2222222222222222222222222222222222222222,0x1111111111111111111111111111111111111111,3.5,ETH,2026-03-03T02:00:00Z,0x0000000000000000000000000000000000000000000000000000000000000002
0x1111111111111111111111111111111111111111,0x2222222222222222222222222222222222222222,4.5,USDT,2026-04-04T03:00:00Z,0x0000000000000000000000000000000000000000000000000000000000000003
0x2222222222222222222222222222222222222222,0x1111111111111111111111111111111111111111,5.5,ETH,2026-05-05T04:00:00Z,0x0000000000000000000000000000000000000000000000000000000000000004
0x1111111111111111111111111111111111111111,0x2222222222222222222222222222222222222222,6.5,ETH,2026-06-06T05:00:00Z,0x0000000000000000000000000000000000000000000000000000000000000005
0x2222222222222222222222222222222222222222,0x1111111111111111111111111111111111111111,7.5,USDT,2026-07-07T06:00:00Z,0x0000000000000000000000000000000000000000000000000000000000000006
0x1111111111111111111111111111111111111111,0x2222222222222222222222222222222222222222,8.5,ETH,2026-08-08T07:00:00Z,0x0000000000000000000000000000000000000000000000000000000000000007
0x2222222222222222222222222222222222222222,0x1111111111111111111111111111111111111111,9.5,ETH,2026-09-09T08:00:00Z,0x0000000000000000000000000000000000000000000000000000000000000008
0x1111111111111111111111111111111111111111,0x2222222222222222222222222222222222222222,10.5,USDT,2026-10-10T09:00:00Z,0x0000000000000000000000000000000000000000000000000000000000000009
